cancer,feature_internal,feature_display,beta,pathways,variant_types,logic,gene,n_altered_train,freq_train,univ_HR,univ_p,abs_logHR,contribution,rank_in_feature
BRCA,PW_Cell_Cycle_sv_hit,Cell_Cycle_sv_hit,-0.1779452889029172,Cell_Cycle,sv,binary: any pathway gene with a structural variant,RB1,13,0.005,1.035,0.9364716106105473,0.0349,0.0002,1.0
BRCA,PW_Cell_Cycle_sv_hit,Cell_Cycle_sv_hit,-0.1779452889029172,Cell_Cycle,sv,binary: any pathway gene with a structural variant,CCNE1,2,0.0008,,,,,
BRCA,PW_Cell_Cycle_sv_hit,Cell_Cycle_sv_hit,-0.1779452889029172,Cell_Cycle,sv,binary: any pathway gene with a structural variant,CDK6,2,0.0008,,,,,
BRCA,PW_Cell_Cycle_sv_hit,Cell_Cycle_sv_hit,-0.1779452889029172,Cell_Cycle,sv,binary: any pathway gene with a structural variant,CDKN1B,2,0.0008,,,,,
BRCA,PW_Cell_Cycle_sv_hit,Cell_Cycle_sv_hit,-0.1779452889029172,Cell_Cycle,sv,binary: any pathway gene with a structural variant,CDKN2A,1,0.0004,,,,,
BRCA,PW_Cell_Cycle_sv_hit,Cell_Cycle_sv_hit,-0.1779452889029172,Cell_Cycle,sv,binary: any pathway gene with a structural variant,CDKN2B,2,0.0008,,,,,
BRCA,PW_Cell_Cycle_sv_hit,Cell_Cycle_sv_hit,-0.1779452889029172,Cell_Cycle,sv,binary: any pathway gene with a structural variant,E2F3,1,0.0004,,,,,
BRCA,PW_Chromatin_zsum,Chromatin_zsum,-0.0376867913782411,Chromatin,mut/amp/del/sv,composite: z(amp)+z(del)+z(sv)+mut_rate_z over pathway genes,ARID1B,64,0.0245,1.671,0.002733438539694546,0.5135,0.0126,1.0
BRCA,PW_Chromatin_zsum,Chromatin_zsum,-0.0376867913782411,Chromatin,mut/amp/del/sv,composite: z(amp)+z(del)+z(sv)+mut_rate_z over pathway genes,ARID2,63,0.0241,1.675,0.0026167045577911987,0.5161,0.0124,2.0
BRCA,PW_Chromatin_zsum,Chromatin_zsum,-0.0376867913782411,Chromatin,mut/amp/del/sv,composite: z(amp)+z(del)+z(sv)+mut_rate_z over pathway genes,ARID1A,150,0.0574,1.153,0.24545915080498296,0.1423,0.0082,3.0
BRCA,PW_Chromatin_zsum,Chromatin_zsum,-0.0376867913782411,Chromatin,mut/amp/del/sv,composite: z(amp)+z(del)+z(sv)+mut_rate_z over pathway genes,KDM5C,44,0.0168,1.547,0.03645611846971185,0.436,0.0073,4.0
BRCA,PW_Chromatin_zsum,Chromatin_zsum,-0.0376867913782411,Chromatin,mut/amp/del/sv,composite: z(amp)+z(del)+z(sv)+mut_rate_z over pathway genes,SMARCA4,55,0.0211,1.41,0.07450481854134415,0.3434,0.0072,5.0
BRCA,PW_Chromatin_zsum,Chromatin_zsum,-0.0376867913782411,Chromatin,mut/amp/del/sv,composite: z(amp)+z(del)+z(sv)+mut_rate_z over pathway genes,EP300,44,0.0168,1.491,0.04961836903251778,0.3997,0.0067,6.0
BRCA,PW_Chromatin_zsum,Chromatin_zsum,-0.0376867913782411,Chromatin,mut/amp/del/sv,composite: z(amp)+z(del)+z(sv)+mut_rate_z over pathway genes,KDM6A,57,0.0218,1.352,0.1216744137896764,0.3014,0.0066,7.0
BRCA,PW_Chromatin_zsum,Chromatin_zsum,-0.0376867913782411,Chromatin,mut/amp/del/sv,composite: z(amp)+z(del)+z(sv)+mut_rate_z over pathway genes,TET1,44,0.0168,1.435,0.08102642639238207,0.3612,0.0061,8.0
BRCA,PW_Chromatin_zsum,Chromatin_zsum,-0.0376867913782411,Chromatin,mut/amp/del/sv,composite: z(amp)+z(del)+z(sv)+mut_rate_z over pathway genes,KMT2D,87,0.0333,1.197,0.2620655060574022,0.1801,0.006,9.0
BRCA,PW_Chromatin_zsum,Chromatin_zsum,-0.0376867913782411,Chromatin,mut/amp/del/sv,composite: z(amp)+z(del)+z(sv)+mut_rate_z over pathway genes,BAP1,44,0.0168,1.286,0.2613819321067579,0.2515,0.0042,10.0
BRCA,PW_Chromatin_zsum,Chromatin_zsum,-0.0376867913782411,Chromatin,mut/amp/del/sv,composite: z(amp)+z(del)+z(sv)+mut_rate_z over pathway genes,BCOR,33,0.0126,1.374,0.20375336010036857,0.3174,0.004,11.0
BRCA,PW_Chromatin_zsum,Chromatin_zsum,-0.0376867913782411,Chromatin,mut/amp/del/sv,composite: z(amp)+z(del)+z(sv)+mut_rate_z over pathway genes,SETD2,35,0.0134,1.319,0.26366374161298317,0.2769,0.0037,12.0
BRCA,PW_Chromatin_zsum,Chromatin_zsum,-0.0376867913782411,Chromatin,mut/amp/del/sv,composite: z(amp)+z(del)+z(sv)+mut_rate_z over pathway genes,ASXL2,18,0.0069,1.682,0.10396682452060076,0.5199,0.0036,13.0
BRCA,PW_Chromatin_zsum,Chromatin_zsum,-0.0376867913782411,Chromatin,mut/amp/del/sv,composite: z(amp)+z(del)+z(sv)+mut_rate_z over pathway genes,SMARCE1,10,0.0038,0.412,0.22434646717348802,0.8864,0.0034,14.0
BRCA,PW_Chromatin_zsum,Chromatin_zsum,-0.0376867913782411,Chromatin,mut/amp/del/sv,composite: z(amp)+z(del)+z(sv)+mut_rate_z over pathway genes,NSD2,19,0.0073,1.56,0.16014881079992035,0.4449,0.0032,15.0
BRCA,PW_Chromatin_zsum,Chromatin_zsum,-0.0376867913782411,Chromatin,mut/amp/del/sv,composite: z(amp)+z(del)+z(sv)+mut_rate_z over pathway genes,EZH2,22,0.0084,1.446,0.21565755174279483,0.3687,0.0031,16.0
BRCA,PW_Chromatin_zsum,Chromatin_zsum,-0.0376867913782411,Chromatin,mut/amp/del/sv,composite: z(amp)+z(del)+z(sv)+mut_rate_z over pathway genes,NSD1,48,0.0184,1.181,0.4385081574826448,0.1667,0.0031,16.0
BRCA,PW_Chromatin_zsum,Chromatin_zsum,-0.0376867913782411,Chromatin,mut/amp/del/sv,composite: z(amp)+z(del)+z(sv)+mut_rate_z over pathway genes,NCOR1,107,0.041,1.076,0.6166729568788045,0.0731,0.003,18.0
BRCA,PW_Chromatin_zsum,Chromatin_zsum,-0.0376867913782411,Chromatin,mut/amp/del/sv,composite: z(amp)+z(del)+z(sv)+mut_rate_z over pathway genes,SMARCB1,24,0.0092,1.333,0.30755254170128915,0.2878,0.0026,19.0
BRCA,PW_Chromatin_zsum,Chromatin_zsum,-0.0376867913782411,Chromatin,mut/amp/del/sv,composite: z(amp)+z(del)+z(sv)+mut_rate_z over pathway genes,CREBBP,69,0.0264,1.091,0.640764220874281,0.0873,0.0023,20.0
BRCA,PW_Chromatin_zsum,Chromatin_zsum,-0.0376867913782411,Chromatin,mut/amp/del/sv,composite: z(amp)+z(del)+z(sv)+mut_rate_z over pathway genes,KMT2C,203,0.0777,1.03,0.7844017168856598,0.0299,0.0023,20.0
BRCA,PW_Chromatin_zsum,Chromatin_zsum,-0.0376867913782411,Chromatin,mut/amp/del/sv,composite: z(amp)+z(del)+z(sv)+mut_rate_z over pathway genes,IDH1,10,0.0038,1.512,0.29004199858989477,0.4135,0.0016,22.0
BRCA,PW_Chromatin_zsum,Chromatin_zsum,-0.0376867913782411,Chromatin,mut/amp/del/sv,composite: z(amp)+z(del)+z(sv)+mut_rate_z over pathway genes,PBRM1,25,0.0096,0.849,0.609155097405516,0.1632,0.0016,22.0
BRCA,PW_Chromatin_zsum,Chromatin_zsum,-0.0376867913782411,Chromatin,mut/amp/del/sv,composite: z(amp)+z(del)+z(sv)+mut_rate_z over pathway genes,SUZ12,18,0.0069,0.843,0.6736349837566509,0.1709,0.0012,24.0
BRCA,PW_Chromatin_zsum,Chromatin_zsum,-0.0376867913782411,Chromatin,mut/amp/del/sv,composite: z(amp)+z(del)+z(sv)+mut_rate_z over pathway genes,ATRX,47,0.018,1.04,0.8681023072918626,0.0389,0.0007,25.0
BRCA,PW_Chromatin_zsum,Chromatin_zsum,-0.0376867913782411,Chromatin,mut/amp/del/sv,composite: z(amp)+z(del)+z(sv)+mut_rate_z over pathway genes,TET2,21,0.008,0.913,0.783565452238989,0.0905,0.0007,25.0
BRCA,PW_Chromatin_zsum,Chromatin_zsum,-0.0376867913782411,Chromatin,mut/amp/del/sv,composite: z(amp)+z(del)+z(sv)+mut_rate_z over pathway genes,EED,24,0.0092,0.941,0.8428846310448301,0.0613,0.0006,27.0
BRCA,PW_Chromatin_zsum,Chromatin_zsum,-0.0376867913782411,Chromatin,mut/amp/del/sv,composite: z(amp)+z(del)+z(sv)+mut_rate_z over pathway genes,IDH2,32,0.0123,0.952,0.8541169128958723,0.0489,0.0006,27.0
BRCA,PW_Chromatin_zsum,Chromatin_zsum,-0.0376867913782411,Chromatin,mut/amp/del/sv,composite: z(amp)+z(del)+z(sv)+mut_rate_z over pathway genes,KMT2A,65,0.0249,1.016,0.9335354045248112,0.0158,0.0004,29.0
BRCA,PW_Chromatin_zsum,Chromatin_zsum,-0.0376867913782411,Chromatin,mut/amp/del/sv,composite: z(amp)+z(del)+z(sv)+mut_rate_z over pathway genes,KMT2B,66,0.0253,0.984,0.9382319244920814,0.0161,0.0004,29.0
BRCA,PW_Chromatin_zsum,Chromatin_zsum,-0.0376867913782411,Chromatin,mut/amp/del/sv,composite: z(amp)+z(del)+z(sv)+mut_rate_z over pathway genes,ASXL1,38,0.0145,1.014,0.9561436586397635,0.014,0.0002,31.0
BRCA,PW_Chromatin_zsum,Chromatin_zsum,-0.0376867913782411,Chromatin,mut/amp/del/sv,composite: z(amp)+z(del)+z(sv)+mut_rate_z over pathway genes,DNMT3A,40,0.0153,0.989,0.9651114097037623,0.0107,0.0002,31.0
BRCA,PW_Chromatin_zsum,Chromatin_zsum,-0.0376867913782411,Chromatin,mut/amp/del/sv,composite: z(amp)+z(del)+z(sv)+mut_rate_z over pathway genes,SMARCD1,14,0.0054,0.971,0.9447819758195779,0.0298,0.0002,31.0
BRCA,PW_HIT_COUNT,All_Pathway_Alteration_Count,0.1287982419490632,TP53;PI3K;RTK_RAS;Cell_Cycle;Chromatin;DDR;MYC,mut/amp/del/sv,count of retained pathways with >=1 alteration (all pathways),TP53,1197,0.4583,1.663,1.0342436503608437e-17,0.5088,0.2332,1.0
BRCA,PW_HIT_COUNT,All_Pathway_Alteration_Count,0.1287982419490632,TP53;PI3K;RTK_RAS;Cell_Cycle;Chromatin;DDR;MYC,mut/amp/del/sv,count of retained pathways with >=1 alteration (all pathways),ERBB2,425,0.1627,0.747,0.0005486053442484691,0.292,0.0475,2.0
BRCA,PW_HIT_COUNT,All_Pathway_Alteration_Count,0.1287982419490632,TP53;PI3K;RTK_RAS;Cell_Cycle;Chromatin;DDR;MYC,mut/amp/del/sv,count of retained pathways with >=1 alteration (all pathways),MYC,313,0.1198,1.392,0.00016287084419105418,0.3305,0.0396,3.0
BRCA,PW_HIT_COUNT,All_Pathway_Alteration_Count,0.1287982419490632,TP53;PI3K;RTK_RAS;Cell_Cycle;Chromatin;DDR;MYC,mut/amp/del/sv,count of retained pathways with >=1 alteration (all pathways),FGFR1,346,0.1325,1.321,0.0006935776899752042,0.2787,0.0369,4.0
BRCA,PW_HIT_COUNT,All_Pathway_Alteration_Count,0.1287982419490632,TP53;PI3K;RTK_RAS;Cell_Cycle;Chromatin;DDR;MYC,mut/amp/del/sv,count of retained pathways with >=1 alteration (all pathways),RECQL4,207,0.0792,1.489,0.00010387078972618446,0.3979,0.0315,5.0
BRCA,PW_HIT_COUNT,All_Pathway_Alteration_Count,0.1287982419490632,TP53;PI3K;RTK_RAS;Cell_Cycle;Chromatin;DDR;MYC,mut/amp/del/sv,count of retained pathways with >=1 alteration (all pathways),CCND1,443,0.1696,1.168,0.042149990717471435,0.1551,0.0263,6.0
BRCA,PW_HIT_COUNT,All_Pathway_Alteration_Count,0.1287982419490632,TP53;PI3K;RTK_RAS;Cell_Cycle;Chromatin;DDR;MYC,mut/amp/del/sv,count of retained pathways with >=1 alteration (all pathways),PTEN,216,0.0827,1.314,0.006849424837800381,0.2734,0.0226,7.0
BRCA,PW_HIT_COUNT,All_Pathway_Alteration_Count,0.1287982419490632,TP53;PI3K;RTK_RAS;Cell_Cycle;Chromatin;DDR;MYC,mut/amp/del/sv,count of retained pathways with >=1 alteration (all pathways),RB1,114,0.0436,1.608,0.0003730451309499821,0.4753,0.0207,8.0
BRCA,PW_HIT_COUNT,All_Pathway_Alteration_Count,0.1287982419490632,TP53;PI3K;RTK_RAS;Cell_Cycle;Chromatin;DDR;MYC,mut/amp/del/sv,count of retained pathways with >=1 alteration (all pathways),NBN,132,0.0505,1.388,0.00977373309867486,0.3275,0.0166,9.0
BRCA,PW_HIT_COUNT,All_Pathway_Alteration_Count,0.1287982419490632,TP53;PI3K;RTK_RAS;Cell_Cycle;Chromatin;DDR;MYC,mut/amp/del/sv,count of retained pathways with >=1 alteration (all pathways),CDKN2B,88,0.0337,1.629,0.0011038808718006202,0.4881,0.0164,10.0
BRCA,PW_HIT_COUNT,All_Pathway_Alteration_Count,0.1287982419490632,TP53;PI3K;RTK_RAS;Cell_Cycle;Chromatin;DDR;MYC,mut/amp/del/sv,count of retained pathways with >=1 alteration (all pathways),CDKN2A,120,0.0459,1.415,0.008898109709285543,0.347,0.0159,11.0
BRCA,PW_HIT_COUNT,All_Pathway_Alteration_Count,0.1287982419490632,TP53;PI3K;RTK_RAS;Cell_Cycle;Chromatin;DDR;MYC,mut/amp/del/sv,count of retained pathways with >=1 alteration (all pathways),JAK2,53,0.0203,2.01,0.0001087264545765591,0.6981,0.0142,12.0
BRCA,PW_HIT_COUNT,All_Pathway_Alteration_Count,0.1287982419490632,TP53;PI3K;RTK_RAS;Cell_Cycle;Chromatin;DDR;MYC,mut/amp/del/sv,count of retained pathways with >=1 alteration (all pathways),NF1,138,0.0528,1.306,0.032267606856039424,0.2673,0.0141,13.0
BRCA,PW_HIT_COUNT,All_Pathway_Alteration_Count,0.1287982419490632,TP53;PI3K;RTK_RAS;Cell_Cycle;Chromatin;DDR;MYC,mut/amp/del/sv,count of retained pathways with >=1 alteration (all pathways),CCNE1,58,0.0222,1.79,0.0012823674447156933,0.5821,0.0129,14.0
BRCA,PW_HIT_COUNT,All_Pathway_Alteration_Count,0.1287982419490632,TP53;PI3K;RTK_RAS;Cell_Cycle;Chromatin;DDR;MYC,mut/amp/del/sv,count of retained pathways with >=1 alteration (all pathways),ARID1B,64,0.0245,1.671,0.002733438539694546,0.5135,0.0126,15.0
BRCA,PW_HIT_COUNT,All_Pathway_Alteration_Count,0.1287982419490632,TP53;PI3K;RTK_RAS;Cell_Cycle;Chromatin;DDR;MYC,mut/amp/del/sv,count of retained pathways with >=1 alteration (all pathways),ARID2,63,0.0241,1.675,0.0026167045577911987,0.5161,0.0124,16.0
BRCA,PW_HIT_COUNT,All_Pathway_Alteration_Count,0.1287982419490632,TP53;PI3K;RTK_RAS;Cell_Cycle;Chromatin;DDR;MYC,mut/amp/del/sv,count of retained pathways with >=1 alteration (all pathways),AKT3,37,0.0142,2.382,3.143421463207972e-05,0.8677,0.0123,17.0
BRCA,PW_HIT_COUNT,All_Pathway_Alteration_Count,0.1287982419490632,TP53;PI3K;RTK_RAS;Cell_Cycle;Chromatin;DDR;MYC,mut/amp/del/sv,count of retained pathways with >=1 alteration (all pathways),IGF1R,91,0.0348,1.4,0.025292587419086857,0.3362,0.0117,18.0
BRCA,PW_HIT_COUNT,All_Pathway_Alteration_Count,0.1287982419490632,TP53;PI3K;RTK_RAS;Cell_Cycle;Chromatin;DDR;MYC,mut/amp/del/sv,count of retained pathways with >=1 alteration (all pathways),PIK3R1,76,0.0291,1.454,0.023540894911616112,0.3746,0.0109,19.0
BRCA,PW_HIT_COUNT,All_Pathway_Alteration_Count,0.1287982419490632,TP53;PI3K;RTK_RAS;Cell_Cycle;Chromatin;DDR;MYC,mut/amp/del/sv,count of retained pathways with >=1 alteration (all pathways),FGFR2,68,0.026,1.493,0.016354473344354838,0.4007,0.0104,20.0
BRCA,PW_HIT_COUNT,All_Pathway_Alteration_Count,0.1287982419490632,TP53;PI3K;RTK_RAS;Cell_Cycle;Chromatin;DDR;MYC,mut/amp/del/sv,count of retained pathways with >=1 alteration (all pathways),MDM2,97,0.0371,1.311,0.0663104922212022,0.2704,0.01,21.0
BRCA,PW_HIT_COUNT,All_Pathway_Alteration_Count,0.1287982419490632,TP53;PI3K;RTK_RAS;Cell_Cycle;Chromatin;DDR;MYC,mut/amp/del/sv,count of retained pathways with >=1 alteration (all pathways),MDM4,74,0.0283,1.397,0.04574434393778367,0.334,0.0095,22.0
BRCA,PW_HIT_COUNT,All_Pathway_Alteration_Count,0.1287982419490632,TP53;PI3K;RTK_RAS;Cell_Cycle;Chromatin;DDR;MYC,mut/amp/del/sv,count of retained pathways with >=1 alteration (all pathways),ARAF,25,0.0096,2.682,8.842779605206396e-05,0.9865,0.0094,23.0
BRCA,PW_HIT_COUNT,All_Pathway_Alteration_Count,0.1287982419490632,TP53;PI3K;RTK_RAS;Cell_Cycle;Chromatin;DDR;MYC,mut/amp/del/sv,count of retained pathways with >=1 alteration (all pathways),RIT1,42,0.0161,1.699,0.008753514121249074,0.5302,0.0085,24.0
BRCA,PW_HIT_COUNT,All_Pathway_Alteration_Count,0.1287982419490632,TP53;PI3K;RTK_RAS;Cell_Cycle;Chromatin;DDR;MYC,mut/amp/del/sv,count of retained pathways with >=1 alteration (all pathways),ARID1A,150,0.0574,1.153,0.24545915080498296,0.1423,0.0082,25.0
BRCA,PW_HIT_COUNT,All_Pathway_Alteration_Count,0.1287982419490632,TP53;PI3K;RTK_RAS;Cell_Cycle;Chromatin;DDR;MYC,mut/amp/del/sv,count of retained pathways with >=1 alteration (all pathways),ATM,66,0.0253,1.386,0.0668444012572349,0.3262,0.0082,25.0
BRCA,PW_HIT_COUNT,All_Pathway_Alteration_Count,0.1287982419490632,TP53;PI3K;RTK_RAS;Cell_Cycle;Chromatin;DDR;MYC,mut/amp/del/sv,count of retained pathways with >=1 alteration (all pathways),ROS1,59,0.0226,1.423,0.05719324647534329,0.3527,0.008,27.0
BRCA,PW_HIT_COUNT,All_Pathway_Alteration_Count,0.1287982419490632,TP53;PI3K;RTK_RAS;Cell_Cycle;Chromatin;DDR;MYC,mut/amp/del/sv,count of retained pathways with >=1 alteration (all pathways),FGFR3,36,0.0138,1.745,0.010388738894235984,0.5565,0.0077,28.0
BRCA,PW_HIT_COUNT,All_Pathway_Alteration_Count,0.1287982419490632,TP53;PI3K;RTK_RAS;Cell_Cycle;Chromatin;DDR;MYC,mut/amp/del/sv,count of retained pathways with >=1 alteration (all pathways),BRCA2,76,0.0291,1.299,0.11453845428226307,0.2615,0.0076,29.0
BRCA,PW_HIT_COUNT,All_Pathway_Alteration_Count,0.1287982419490632,TP53;PI3K;RTK_RAS;Cell_Cycle;Chromatin;DDR;MYC,mut/amp/del/sv,count of retained pathways with >=1 alteration (all pathways),PIK3CB,29,0.0111,1.946,0.006464477346268896,0.666,0.0074,30.0
BRCA,PW_HIT_COUNT,All_Pathway_Alteration_Count,0.1287982419490632,TP53;PI3K;RTK_RAS;Cell_Cycle;Chromatin;DDR;MYC,mut/amp/del/sv,count of retained pathways with >=1 alteration (all pathways),CDK4,39,0.0149,1.635,0.019594607588040075,0.4918,0.0073,31.0
BRCA,PW_HIT_COUNT,All_Pathway_Alteration_Count,0.1287982419490632,TP53;PI3K;RTK_RAS;Cell_Cycle;Chromatin;DDR;MYC,mut/amp/del/sv,count of retained pathways with >=1 alteration (all pathways),ERCC2,22,0.0084,2.377,0.0011422941377134648,0.866,0.0073,31.0
BRCA,PW_HIT_COUNT,All_Pathway_Alteration_Count,0.1287982419490632,TP53;PI3K;RTK_RAS;Cell_Cycle;Chromatin;DDR;MYC,mut/amp/del/sv,count of retained pathways with >=1 alteration (all pathways),KDM5C,44,0.0168,1.547,0.03645611846971185,0.436,0.0073,31.0
BRCA,PW_HIT_COUNT,All_Pathway_Alteration_Count,0.1287982419490632,TP53;PI3K;RTK_RAS;Cell_Cycle;Chromatin;DDR;MYC,mut/amp/del/sv,count of retained pathways with >=1 alteration (all pathways),KRAS,48,0.0184,1.477,0.058735488910484045,0.3903,0.0072,34.0
BRCA,PW_HIT_COUNT,All_Pathway_Alteration_Count,0.1287982419490632,TP53;PI3K;RTK_RAS;Cell_Cycle;Chromatin;DDR;MYC,mut/amp/del/sv,count of retained pathways with >=1 alteration (all pathways),SMARCA4,55,0.0211,1.41,0.07450481854134415,0.3434,0.0072,34.0
BRCA,PW_HIT_COUNT,All_Pathway_Alteration_Count,0.1287982419490632,TP53;PI3K;RTK_RAS;Cell_Cycle;Chromatin;DDR;MYC,mut/amp/del/sv,count of retained pathways with >=1 alteration (all pathways),MYCN,21,0.008,2.377,0.0025506143784429555,0.8657,0.007,36.0
BRCA,PW_HIT_COUNT,All_Pathway_Alteration_Count,0.1287982419490632,TP53;PI3K;RTK_RAS;Cell_Cycle;Chromatin;DDR;MYC,mut/amp/del/sv,count of retained pathways with >=1 alteration (all pathways),IRS2,54,0.0207,1.395,0.0841578074127744,0.3326,0.0069,37.0
BRCA,PW_HIT_COUNT,All_Pathway_Alteration_Count,0.1287982419490632,TP53;PI3K;RTK_RAS;Cell_Cycle;Chromatin;DDR;MYC,mut/amp/del/sv,count of retained pathways with >=1 alteration (all pathways),RAD51C,139,0.0532,0.88,0.34849113367482143,0.1279,0.0068,38.0
BRCA,PW_HIT_COUNT,All_Pathway_Alteration_Count,0.1287982419490632,TP53;PI3K;RTK_RAS;Cell_Cycle;Chromatin;DDR;MYC,mut/amp/del/sv,count of retained pathways with >=1 alteration (all pathways),EP300,44,0.0168,1.491,0.04961836903251778,0.3997,0.0067,39.0
BRCA,PW_HIT_COUNT,All_Pathway_Alteration_Count,0.1287982419490632,TP53;PI3K;RTK_RAS;Cell_Cycle;Chromatin;DDR;MYC,mut/amp/del/sv,count of retained pathways with >=1 alteration (all pathways),KDM6A,57,0.0218,1.352,0.1216744137896764,0.3014,0.0066,40.0
BRCA,PW_HIT_COUNT,All_Pathway_Alteration_Count,0.1287982419490632,TP53;PI3K;RTK_RAS;Cell_Cycle;Chromatin;DDR;MYC,mut/amp/del/sv,count of retained pathways with >=1 alteration (all pathways),CCND3,18,0.0069,2.56,0.001831915883151515,0.94,0.0065,41.0
BRCA,PW_HIT_COUNT,All_Pathway_Alteration_Count,0.1287982419490632,TP53;PI3K;RTK_RAS;Cell_Cycle;Chromatin;DDR;MYC,mut/amp/del/sv,count of retained pathways with >=1 alteration (all pathways),TET1,44,0.0168,1.435,0.08102642639238207,0.3612,0.0061,42.0
BRCA,PW_HIT_COUNT,All_Pathway_Alteration_Count,0.1287982419490632,TP53;PI3K;RTK_RAS;Cell_Cycle;Chromatin;DDR;MYC,mut/amp/del/sv,count of retained pathways with >=1 alteration (all pathways),KMT2D,87,0.0333,1.197,0.2620655060574022,0.1801,0.006,43.0
BRCA,PW_HIT_COUNT,All_Pathway_Alteration_Count,0.1287982419490632,TP53;PI3K;RTK_RAS;Cell_Cycle;Chromatin;DDR;MYC,mut/amp/del/sv,count of retained pathways with >=1 alteration (all pathways),CCND2,38,0.0145,1.489,0.1004698344001058,0.398,0.0058,44.0
BRCA,PW_HIT_COUNT,All_Pathway_Alteration_Count,0.1287982419490632,TP53;PI3K;RTK_RAS;Cell_Cycle;Chromatin;DDR;MYC,mut/amp/del/sv,count of retained pathways with >=1 alteration (all pathways),CDKN1B,91,0.0348,1.181,0.28625199664839496,0.1665,0.0058,44.0
BRCA,PW_HIT_COUNT,All_Pathway_Alteration_Count,0.1287982419490632,TP53;PI3K;RTK_RAS;Cell_Cycle;Chromatin;DDR;MYC,mut/amp/del/sv,count of retained pathways with >=1 alteration (all pathways),POLE,46,0.0176,1.384,0.12155277853127174,0.3253,0.0057,46.0
BRCA,PW_HIT_COUNT,All_Pathway_Alteration_Count,0.1287982419490632,TP53;PI3K;RTK_RAS;Cell_Cycle;Chromatin;DDR;MYC,mut/amp/del/sv,count of retained pathways with >=1 alteration (all pathways),PPP2R1A,50,0.0191,1.347,0.13693498345027186,0.2977,0.0057,46.0
BRCA,PW_HIT_COUNT,All_Pathway_Alteration_Count,0.1287982419490632,TP53;PI3K;RTK_RAS;Cell_Cycle;Chromatin;DDR;MYC,mut/amp/del/sv,count of retained pathways with >=1 alteration (all pathways),MGA,36,0.0138,1.482,0.08748065919223676,0.3934,0.0054,48.0
BRCA,PW_HIT_COUNT,All_Pathway_Alteration_Count,0.1287982419490632,TP53;PI3K;RTK_RAS;Cell_Cycle;Chromatin;DDR;MYC,mut/amp/del/sv,count of retained pathways with >=1 alteration (all pathways),KIT,37,0.0142,1.458,0.10029566818641154,0.3771,0.0053,49.0
BRCA,PW_HIT_COUNT,All_Pathway_Alteration_Count,0.1287982419490632,TP53;PI3K;RTK_RAS;Cell_Cycle;Chromatin;DDR;MYC,mut/amp/del/sv,count of retained pathways with >=1 alteration (all pathways),TSC2,47,0.018,1.343,0.16724644318358856,0.2952,0.0053,49.0
BRCA,PW_HIT_COUNT,All_Pathway_Alteration_Count,0.1287982419490632,TP53;PI3K;RTK_RAS;Cell_Cycle;Chromatin;DDR;MYC,mut/amp/del/sv,count of retained pathways with >=1 alteration (all pathways),RAF1,26,0.01,1.682,0.0510719195732165,0.5201,0.0052,51.0
BRCA,PW_HIT_COUNT,All_Pathway_Alteration_Count,0.1287982419490632,TP53;PI3K;RTK_RAS;Cell_Cycle;Chromatin;DDR;MYC,mut/amp/del/sv,count of retained pathways with >=1 alteration (all pathways),STK11,37,0.0142,1.444,0.12884031998809167,0.3674,0.0052,51.0
BRCA,PW_HIT_COUNT,All_Pathway_Alteration_Count,0.1287982419490632,TP53;PI3K;RTK_RAS;Cell_Cycle;Chromatin;DDR;MYC,mut/amp/del/sv,count of retained pathways with >=1 alteration (all pathways),AKT1,131,0.0502,1.101,0.46125990209733414,0.0963,0.0048,53.0
BRCA,PW_HIT_COUNT,All_Pathway_Alteration_Count,0.1287982419490632,TP53;PI3K;RTK_RAS;Cell_Cycle;Chromatin;DDR;MYC,mut/amp/del/sv,count of retained pathways with >=1 alteration (all pathways),ERCC5,29,0.0111,1.534,0.1157703991876803,0.4281,0.0048,53.0
BRCA,PW_HIT_COUNT,All_Pathway_Alteration_Count,0.1287982419490632,TP53;PI3K;RTK_RAS;Cell_Cycle;Chromatin;DDR;MYC,mut/amp/del/sv,count of retained pathways with >=1 alteration (all pathways),BRIP1,157,0.0601,1.082,0.5214743270988454,0.0788,0.0047,55.0
BRCA,PW_HIT_COUNT,All_Pathway_Alteration_Count,0.1287982419490632,TP53;PI3K;RTK_RAS;Cell_Cycle;Chromatin;DDR;MYC,mut/amp/del/sv,count of retained pathways with >=1 alteration (all pathways),CBL,23,0.0088,1.701,0.04769212318874363,0.5311,0.0047,55.0
BRCA,PW_HIT_COUNT,All_Pathway_Alteration_Count,0.1287982419490632,TP53;PI3K;RTK_RAS;Cell_Cycle;Chromatin;DDR;MYC,mut/amp/del/sv,count of retained pathways with >=1 alteration (all pathways),BAP1,44,0.0168,1.286,0.2613819321067579,0.2515,0.0042,57.0
BRCA,PW_HIT_COUNT,All_Pathway_Alteration_Count,0.1287982419490632,TP53;PI3K;RTK_RAS;Cell_Cycle;Chromatin;DDR;MYC,mut/amp/del/sv,count of retained pathways with >=1 alteration (all pathways),MET,26,0.01,1.503,0.13623406112565736,0.4072,0.0041,58.0
BRCA,PW_HIT_COUNT,All_Pathway_Alteration_Count,0.1287982419490632,TP53;PI3K;RTK_RAS;Cell_Cycle;Chromatin;DDR;MYC,mut/amp/del/sv,count of retained pathways with >=1 alteration (all pathways),BCOR,33,0.0126,1.374,0.20375336010036857,0.3174,0.004,59.0
BRCA,PW_HIT_COUNT,All_Pathway_Alteration_Count,0.1287982419490632,TP53;PI3K;RTK_RAS;Cell_Cycle;Chromatin;DDR;MYC,mut/amp/del/sv,count of retained pathways with >=1 alteration (all pathways),PIK3R2,33,0.0126,1.371,0.2060914179324501,0.3158,0.004,59.0
BRCA,PW_HIT_COUNT,All_Pathway_Alteration_Count,0.1287982419490632,TP53;PI3K;RTK_RAS;Cell_Cycle;Chromatin;DDR;MYC,mut/amp/del/sv,count of retained pathways with >=1 alteration (all pathways),MLH1,16,0.0061,0.531,0.17504625422283848,0.6331,0.0039,61.0
BRCA,PW_HIT_COUNT,All_Pathway_Alteration_Count,0.1287982419490632,TP53;PI3K;RTK_RAS;Cell_Cycle;Chromatin;DDR;MYC,mut/amp/del/sv,count of retained pathways with >=1 alteration (all pathways),EGFR,73,0.0279,1.145,0.43986922190316924,0.1358,0.0038,62.0
BRCA,PW_HIT_COUNT,All_Pathway_Alteration_Count,0.1287982419490632,TP53;PI3K;RTK_RAS;Cell_Cycle;Chromatin;DDR;MYC,mut/amp/del/sv,count of retained pathways with >=1 alteration (all pathways),BLM,29,0.0111,1.396,0.20067515595854796,0.3333,0.0037,63.0
BRCA,PW_HIT_COUNT,All_Pathway_Alteration_Count,0.1287982419490632,TP53;PI3K;RTK_RAS;Cell_Cycle;Chromatin;DDR;MYC,mut/amp/del/sv,count of retained pathways with >=1 alteration (all pathways),PIK3CA,939,0.3595,0.99,0.8675688051673478,0.0103,0.0037,63.0
BRCA,PW_HIT_COUNT,All_Pathway_Alteration_Count,0.1287982419490632,TP53;PI3K;RTK_RAS;Cell_Cycle;Chromatin;DDR;MYC,mut/amp/del/sv,count of retained pathways with >=1 alteration (all pathways),SETD2,35,0.0134,1.319,0.26366374161298317,0.2769,0.0037,63.0
BRCA,PW_HIT_COUNT,All_Pathway_Alteration_Count,0.1287982419490632,TP53;PI3K;RTK_RAS;Cell_Cycle;Chromatin;DDR;MYC,mut/amp/del/sv,count of retained pathways with >=1 alteration (all pathways),ASXL2,18,0.0069,1.682,0.10396682452060076,0.5199,0.0036,66.0
BRCA,PW_HIT_COUNT,All_Pathway_Alteration_Count,0.1287982419490632,TP53;PI3K;RTK_RAS;Cell_Cycle;Chromatin;DDR;MYC,mut/amp/del/sv,count of retained pathways with >=1 alteration (all pathways),RAC1,13,0.005,2.058,0.037649440770185054,0.7216,0.0036,66.0
BRCA,PW_HIT_COUNT,All_Pathway_Alteration_Count,0.1287982419490632,TP53;PI3K;RTK_RAS;Cell_Cycle;Chromatin;DDR;MYC,mut/amp/del/sv,count of retained pathways with >=1 alteration (all pathways),NTRK1,38,0.0145,1.276,0.31972980616711155,0.244,0.0035,68.0
BRCA,PW_HIT_COUNT,All_Pathway_Alteration_Count,0.1287982419490632,TP53;PI3K;RTK_RAS;Cell_Cycle;Chromatin;DDR;MYC,mut/amp/del/sv,count of retained pathways with >=1 alteration (all pathways),PALB2,38,0.0145,1.27,0.3439761171205561,0.239,0.0035,68.0
BRCA,PW_HIT_COUNT,All_Pathway_Alteration_Count,0.1287982419490632,TP53;PI3K;RTK_RAS;Cell_Cycle;Chromatin;DDR;MYC,mut/amp/del/sv,count of retained pathways with >=1 alteration (all pathways),RICTOR,34,0.013,1.313,0.2719669018046525,0.2726,0.0035,68.0
BRCA,PW_HIT_COUNT,All_Pathway_Alteration_Count,0.1287982419490632,TP53;PI3K;RTK_RAS;Cell_Cycle;Chromatin;DDR;MYC,mut/amp/del/sv,count of retained pathways with >=1 alteration (all pathways),FANCA,32,0.0123,1.321,0.27939520453840144,0.2783,0.0034,71.0
BRCA,PW_HIT_COUNT,All_Pathway_Alteration_Count,0.1287982419490632,TP53;PI3K;RTK_RAS;Cell_Cycle;Chromatin;DDR;MYC,mut/amp/del/sv,count of retained pathways with >=1 alteration (all pathways),SMARCE1,10,0.0038,0.412,0.22434646717348802,0.8864,0.0034,71.0
BRCA,PW_HIT_COUNT,All_Pathway_Alteration_Count,0.1287982419490632,TP53;PI3K;RTK_RAS;Cell_Cycle;Chromatin;DDR;MYC,mut/amp/del/sv,count of retained pathways with >=1 alteration (all pathways),FGFR4,29,0.0111,1.338,0.2779396908215126,0.2911,0.0032,73.0
BRCA,PW_HIT_COUNT,All_Pathway_Alteration_Count,0.1287982419490632,TP53;PI3K;RTK_RAS;Cell_Cycle;Chromatin;DDR;MYC,mut/amp/del/sv,count of retained pathways with >=1 alteration (all pathways),MTOR,32,0.0123,1.303,0.302494676725818,0.2649,0.0032,73.0
BRCA,PW_HIT_COUNT,All_Pathway_Alteration_Count,0.1287982419490632,TP53;PI3K;RTK_RAS;Cell_Cycle;Chromatin;DDR;MYC,mut/amp/del/sv,count of retained pathways with >=1 alteration (all pathways),NSD2,19,0.0073,1.56,0.16014881079992035,0.4449,0.0032,73.0
BRCA,PW_HIT_COUNT,All_Pathway_Alteration_Count,0.1287982419490632,TP53;PI3K;RTK_RAS;Cell_Cycle;Chromatin;DDR;MYC,mut/amp/del/sv,count of retained pathways with >=1 alteration (all pathways),EZH2,22,0.0084,1.446,0.21565755174279483,0.3687,0.0031,76.0
BRCA,PW_HIT_COUNT,All_Pathway_Alteration_Count,0.1287982419490632,TP53;PI3K;RTK_RAS;Cell_Cycle;Chromatin;DDR;MYC,mut/amp/del/sv,count of retained pathways with >=1 alteration (all pathways),NSD1,48,0.0184,1.181,0.4385081574826448,0.1667,0.0031,76.0
BRCA,PW_HIT_COUNT,All_Pathway_Alteration_Count,0.1287982419490632,TP53;PI3K;RTK_RAS;Cell_Cycle;Chromatin;DDR;MYC,mut/amp/del/sv,count of retained pathways with >=1 alteration (all pathways),BRAF,21,0.008,1.455,0.20956390100209732,0.3749,0.003,78.0
BRCA,PW_HIT_COUNT,All_Pathway_Alteration_Count,0.1287982419490632,TP53;PI3K;RTK_RAS;Cell_Cycle;Chromatin;DDR;MYC,mut/amp/del/sv,count of retained pathways with >=1 alteration (all pathways),NCOR1,107,0.041,1.076,0.6166729568788045,0.0731,0.003,78.0
BRCA,PW_HIT_COUNT,All_Pathway_Alteration_Count,0.1287982419490632,TP53;PI3K;RTK_RAS;Cell_Cycle;Chromatin;DDR;MYC,mut/amp/del/sv,count of retained pathways with >=1 alteration (all pathways),PIK3R3,22,0.0084,1.405,0.27334413420307707,0.3403,0.0029,80.0
BRCA,PW_HIT_COUNT,All_Pathway_Alteration_Count,0.1287982419490632,TP53;PI3K;RTK_RAS;Cell_Cycle;Chromatin;DDR;MYC,mut/amp/del/sv,count of retained pathways with >=1 alteration (all pathways),RPTOR,49,0.0188,1.168,0.4803604561172986,0.1549,0.0029,80.0
BRCA,PW_HIT_COUNT,All_Pathway_Alteration_Count,0.1287982419490632,TP53;PI3K;RTK_RAS;Cell_Cycle;Chromatin;DDR;MYC,mut/amp/del/sv,count of retained pathways with >=1 alteration (all pathways),ATR,42,0.0161,1.191,0.43405699177281964,0.1745,0.0028,82.0
BRCA,PW_HIT_COUNT,All_Pathway_Alteration_Count,0.1287982419490632,TP53;PI3K;RTK_RAS;Cell_Cycle;Chromatin;DDR;MYC,mut/amp/del/sv,count of retained pathways with >=1 alteration (all pathways),CDK6,26,0.01,1.308,0.3569733227146956,0.2684,0.0027,83.0
BRCA,PW_HIT_COUNT,All_Pathway_Alteration_Count,0.1287982419490632,TP53;PI3K;RTK_RAS;Cell_Cycle;Chromatin;DDR;MYC,mut/amp/del/sv,count of retained pathways with >=1 alteration (all pathways),CDKN1A,14,0.0054,1.659,0.13706304527007843,0.5062,0.0027,83.0
BRCA,PW_HIT_COUNT,All_Pathway_Alteration_Count,0.1287982419490632,TP53;PI3K;RTK_RAS;Cell_Cycle;Chromatin;DDR;MYC,mut/amp/del/sv,count of retained pathways with >=1 alteration (all pathways),ERBB4,29,0.0111,1.275,0.3629590822098231,0.2429,0.0027,83.0
BRCA,PW_HIT_COUNT,All_Pathway_Alteration_Count,0.1287982419490632,TP53;PI3K;RTK_RAS;Cell_Cycle;Chromatin;DDR;MYC,mut/amp/del/sv,count of retained pathways with >=1 alteration (all pathways),SOS1,14,0.0054,1.647,0.1677025896449893,0.4988,0.0027,83.0
BRCA,PW_HIT_COUNT,All_Pathway_Alteration_Count,0.1287982419490632,TP53;PI3K;RTK_RAS;Cell_Cycle;Chromatin;DDR;MYC,mut/amp/del/sv,count of retained pathways with >=1 alteration (all pathways),INPP4B,16,0.0061,1.532,0.2634477420992612,0.4266,0.0026,87.0
BRCA,PW_HIT_COUNT,All_Pathway_Alteration_Count,0.1287982419490632,TP53;PI3K;RTK_RAS;Cell_Cycle;Chromatin;DDR;MYC,mut/amp/del/sv,count of retained pathways with >=1 alteration (all pathways),SMARCB1,24,0.0092,1.333,0.30755254170128915,0.2878,0.0026,87.0
BRCA,PW_HIT_COUNT,All_Pathway_Alteration_Count,0.1287982419490632,TP53;PI3K;RTK_RAS;Cell_Cycle;Chromatin;DDR;MYC,mut/amp/del/sv,count of retained pathways with >=1 alteration (all pathways),MAX,8,0.0031,0.459,0.2263893914663936,0.7784,0.0024,89.0
BRCA,PW_HIT_COUNT,All_Pathway_Alteration_Count,0.1287982419490632,TP53;PI3K;RTK_RAS;Cell_Cycle;Chromatin;DDR;MYC,mut/amp/del/sv,count of retained pathways with >=1 alteration (all pathways),PDGFRA,37,0.0142,1.184,0.4875668028893716,0.1692,0.0024,89.0
BRCA,PW_HIT_COUNT,All_Pathway_Alteration_Count,0.1287982419490632,TP53;PI3K;RTK_RAS;Cell_Cycle;Chromatin;DDR;MYC,mut/amp/del/sv,count of retained pathways with >=1 alteration (all pathways),CREBBP,69,0.0264,1.091,0.640764220874281,0.0873,0.0023,91.0
BRCA,PW_HIT_COUNT,All_Pathway_Alteration_Count,0.1287982419490632,TP53;PI3K;RTK_RAS;Cell_Cycle;Chromatin;DDR;MYC,mut/amp/del/sv,count of retained pathways with >=1 alteration (all pathways),ERRFI1,9,0.0034,1.942,0.12723075848672075,0.6638,0.0023,91.0
BRCA,PW_HIT_COUNT,All_Pathway_Alteration_Count,0.1287982419490632,TP53;PI3K;RTK_RAS;Cell_Cycle;Chromatin;DDR;MYC,mut/amp/del/sv,count of retained pathways with >=1 alteration (all pathways),FLT3,24,0.0092,1.291,0.40324381761724715,0.2557,0.0023,91.0
BRCA,PW_HIT_COUNT,All_Pathway_Alteration_Count,0.1287982419490632,TP53;PI3K;RTK_RAS;Cell_Cycle;Chromatin;DDR;MYC,mut/amp/del/sv,count of retained pathways with >=1 alteration (all pathways),KMT2C,203,0.0777,1.03,0.7844017168856598,0.0299,0.0023,91.0
BRCA,PW_HIT_COUNT,All_Pathway_Alteration_Count,0.1287982419490632,TP53;PI3K;RTK_RAS;Cell_Cycle;Chromatin;DDR;MYC,mut/amp/del/sv,count of retained pathways with >=1 alteration (all pathways),MAPKAP1,13,0.005,0.635,0.3718985433456302,0.4537,0.0023,91.0
BRCA,PW_HIT_COUNT,All_Pathway_Alteration_Count,0.1287982419490632,TP53;PI3K;RTK_RAS;Cell_Cycle;Chromatin;DDR;MYC,mut/amp/del/sv,count of retained pathways with >=1 alteration (all pathways),FANCC,10,0.0038,1.761,0.18833031058180214,0.5657,0.0022,96.0
BRCA,PW_HIT_COUNT,All_Pathway_Alteration_Count,0.1287982419490632,TP53;PI3K;RTK_RAS;Cell_Cycle;Chromatin;DDR;MYC,mut/amp/del/sv,count of retained pathways with >=1 alteration (all pathways),MYCL,9,0.0034,1.884,0.18854495005983166,0.6332,0.0022,96.0
BRCA,PW_HIT_COUNT,All_Pathway_Alteration_Count,0.1287982419490632,TP53;PI3K;RTK_RAS;Cell_Cycle;Chromatin;DDR;MYC,mut/amp/del/sv,count of retained pathways with >=1 alteration (all pathways),PDGFRB,26,0.01,1.231,0.47256686661423875,0.208,0.0021,98.0
BRCA,PW_HIT_COUNT,All_Pathway_Alteration_Count,0.1287982419490632,TP53;PI3K;RTK_RAS;Cell_Cycle;Chromatin;DDR;MYC,mut/amp/del/sv,count of retained pathways with >=1 alteration (all pathways),BARD1,21,0.008,1.279,0.4250851355875642,0.2463,0.002,99.0
BRCA,PW_HIT_COUNT,All_Pathway_Alteration_Count,0.1287982419490632,TP53;PI3K;RTK_RAS;Cell_Cycle;Chromatin;DDR;MYC,mut/amp/del/sv,count of retained pathways with >=1 alteration (all pathways),MSH6,28,0.0107,1.207,0.49509158335450476,0.1883,0.002,99.0
BRCA,PW_HIT_COUNT,All_Pathway_Alteration_Count,0.1287982419490632,TP53;PI3K;RTK_RAS;Cell_Cycle;Chromatin;DDR;MYC,mut/amp/del/sv,count of retained pathways with >=1 alteration (all pathways),MUTYH,14,0.0054,1.431,0.3851615642283852,0.3585,0.0019,101.0
BRCA,PW_HIT_COUNT,All_Pathway_Alteration_Count,0.1287982419490632,TP53;PI3K;RTK_RAS;Cell_Cycle;Chromatin;DDR;MYC,mut/amp/del/sv,count of retained pathways with >=1 alteration (all pathways),ABL1,16,0.0061,1.342,0.43355272586943105,0.2942,0.0018,102.0
BRCA,PW_HIT_COUNT,All_Pathway_Alteration_Count,0.1287982419490632,TP53;PI3K;RTK_RAS;Cell_Cycle;Chromatin;DDR;MYC,mut/amp/del/sv,count of retained pathways with >=1 alteration (all pathways),MAP2K1,16,0.0061,1.329,0.391867381180386,0.2843,0.0017,103.0
BRCA,PW_HIT_COUNT,All_Pathway_Alteration_Count,0.1287982419490632,TP53;PI3K;RTK_RAS;Cell_Cycle;Chromatin;DDR;MYC,mut/amp/del/sv,count of retained pathways with >=1 alteration (all pathways),RHEB,8,0.0031,1.739,0.20140445433399878,0.5533,0.0017,103.0
BRCA,PW_HIT_COUNT,All_Pathway_Alteration_Count,0.1287982419490632,TP53;PI3K;RTK_RAS;Cell_Cycle;Chromatin;DDR;MYC,mut/amp/del/sv,count of retained pathways with >=1 alteration (all pathways),TSC1,36,0.0138,1.131,0.622114660986659,0.1235,0.0017,103.0
BRCA,PW_HIT_COUNT,All_Pathway_Alteration_Count,0.1287982419490632,TP53;PI3K;RTK_RAS;Cell_Cycle;Chromatin;DDR;MYC,mut/amp/del/sv,count of retained pathways with >=1 alteration (all pathways),IDH1,10,0.0038,1.512,0.29004199858989477,0.4135,0.0016,106.0
BRCA,PW_HIT_COUNT,All_Pathway_Alteration_Count,0.1287982419490632,TP53;PI3K;RTK_RAS;Cell_Cycle;Chromatin;DDR;MYC,mut/amp/del/sv,count of retained pathways with >=1 alteration (all pathways),MSH2,20,0.0077,0.813,0.575360260818825,0.2065,0.0016,106.0
BRCA,PW_HIT_COUNT,All_Pathway_Alteration_Count,0.1287982419490632,TP53;PI3K;RTK_RAS;Cell_Cycle;Chromatin;DDR;MYC,mut/amp/del/sv,count of retained pathways with >=1 alteration (all pathways),NRAS,12,0.0046,1.406,0.41349562103589266,0.3406,0.0016,106.0
BRCA,PW_HIT_COUNT,All_Pathway_Alteration_Count,0.1287982419490632,TP53;PI3K;RTK_RAS;Cell_Cycle;Chromatin;DDR;MYC,mut/amp/del/sv,count of retained pathways with >=1 alteration (all pathways),PBRM1,25,0.0096,0.849,0.609155097405516,0.1632,0.0016,106.0
BRCA,PW_HIT_COUNT,All_Pathway_Alteration_Count,0.1287982419490632,TP53;PI3K;RTK_RAS;Cell_Cycle;Chromatin;DDR;MYC,mut/amp/del/sv,count of retained pathways with >=1 alteration (all pathways),ALK,38,0.0145,0.905,0.7085327979779801,0.0999,0.0015,110.0
BRCA,PW_HIT_COUNT,All_Pathway_Alteration_Count,0.1287982419490632,TP53;PI3K;RTK_RAS;Cell_Cycle;Chromatin;DDR;MYC,mut/amp/del/sv,count of retained pathways with >=1 alteration (all pathways),ERCC4,35,0.0134,1.117,0.6683142011808735,0.111,0.0015,110.0
BRCA,PW_HIT_COUNT,All_Pathway_Alteration_Count,0.1287982419490632,TP53;PI3K;RTK_RAS;Cell_Cycle;Chromatin;DDR;MYC,mut/amp/del/sv,count of retained pathways with >=1 alteration (all pathways),ERBB3,60,0.023,1.063,0.7499129471049474,0.0614,0.0014,112.0
BRCA,PW_HIT_COUNT,All_Pathway_Alteration_Count,0.1287982419490632,TP53;PI3K;RTK_RAS;Cell_Cycle;Chromatin;DDR;MYC,mut/amp/del/sv,count of retained pathways with >=1 alteration (all pathways),RASA1,17,0.0065,1.208,0.6083976608714814,0.1893,0.0012,113.0
BRCA,PW_HIT_COUNT,All_Pathway_Alteration_Count,0.1287982419490632,TP53;PI3K;RTK_RAS;Cell_Cycle;Chromatin;DDR;MYC,mut/amp/del/sv,count of retained pathways with >=1 alteration (all pathways),SUZ12,18,0.0069,0.843,0.6736349837566509,0.1709,0.0012,113.0
BRCA,PW_HIT_COUNT,All_Pathway_Alteration_Count,0.1287982419490632,TP53;PI3K;RTK_RAS;Cell_Cycle;Chromatin;DDR;MYC,mut/amp/del/sv,count of retained pathways with >=1 alteration (all pathways),RAD51B,8,0.0031,1.439,0.44035532160074553,0.3642,0.0011,115.0
BRCA,PW_HIT_COUNT,All_Pathway_Alteration_Count,0.1287982419490632,TP53;PI3K;RTK_RAS;Cell_Cycle;Chromatin;DDR;MYC,mut/amp/del/sv,count of retained pathways with >=1 alteration (all pathways),CHEK1,6,0.0023,1.563,0.41562201602499094,0.4466,0.001,116.0
BRCA,PW_HIT_COUNT,All_Pathway_Alteration_Count,0.1287982419490632,TP53;PI3K;RTK_RAS;Cell_Cycle;Chromatin;DDR;MYC,mut/amp/del/sv,count of retained pathways with >=1 alteration (all pathways),CHEK2,22,0.0084,0.909,0.7719793852104838,0.0949,0.0008,117.0
BRCA,PW_HIT_COUNT,All_Pathway_Alteration_Count,0.1287982419490632,TP53;PI3K;RTK_RAS;Cell_Cycle;Chromatin;DDR;MYC,mut/amp/del/sv,count of retained pathways with >=1 alteration (all pathways),E2F3,20,0.0077,1.114,0.7236298603957262,0.1082,0.0008,117.0
BRCA,PW_HIT_COUNT,All_Pathway_Alteration_Count,0.1287982419490632,TP53;PI3K;RTK_RAS;Cell_Cycle;Chromatin;DDR;MYC,mut/amp/del/sv,count of retained pathways with >=1 alteration (all pathways),MAPK1,17,0.0065,0.878,0.7321691821523364,0.1305,0.0008,117.0
BRCA,PW_HIT_COUNT,All_Pathway_Alteration_Count,0.1287982419490632,TP53;PI3K;RTK_RAS;Cell_Cycle;Chromatin;DDR;MYC,mut/amp/del/sv,count of retained pathways with >=1 alteration (all pathways),RET,16,0.0061,1.142,0.7194463488687911,0.1326,0.0008,117.0
BRCA,PW_HIT_COUNT,All_Pathway_Alteration_Count,0.1287982419490632,TP53;PI3K;RTK_RAS;Cell_Cycle;Chromatin;DDR;MYC,mut/amp/del/sv,count of retained pathways with >=1 alteration (all pathways),ATRX,47,0.018,1.04,0.8681023072918626,0.0389,0.0007,121.0
BRCA,PW_HIT_COUNT,All_Pathway_Alteration_Count,0.1287982419490632,TP53;PI3K;RTK_RAS;Cell_Cycle;Chromatin;DDR;MYC,mut/amp/del/sv,count of retained pathways with >=1 alteration (all pathways),ERF,14,0.0054,1.143,0.7605405332826712,0.1338,0.0007,121.0
BRCA,PW_HIT_COUNT,All_Pathway_Alteration_Count,0.1287982419490632,TP53;PI3K;RTK_RAS;Cell_Cycle;Chromatin;DDR;MYC,mut/amp/del/sv,count of retained pathways with >=1 alteration (all pathways),MAP2K2,15,0.0057,0.888,0.777015534715052,0.1192,0.0007,121.0
BRCA,PW_HIT_COUNT,All_Pathway_Alteration_Count,0.1287982419490632,TP53;PI3K;RTK_RAS;Cell_Cycle;Chromatin;DDR;MYC,mut/amp/del/sv,count of retained pathways with >=1 alteration (all pathways),NTRK3,28,0.0107,0.937,0.8221141057201853,0.0653,0.0007,121.0
BRCA,PW_HIT_COUNT,All_Pathway_Alteration_Count,0.1287982419490632,TP53;PI3K;RTK_RAS;Cell_Cycle;Chromatin;DDR;MYC,mut/amp/del/sv,count of retained pathways with >=1 alteration (all pathways),PMS2,11,0.0042,1.171,0.7268737346754812,0.1577,0.0007,121.0
BRCA,PW_HIT_COUNT,All_Pathway_Alteration_Count,0.1287982419490632,TP53;PI3K;RTK_RAS;Cell_Cycle;Chromatin;DDR;MYC,mut/amp/del/sv,count of retained pathways with >=1 alteration (all pathways),TET2,21,0.008,0.913,0.783565452238989,0.0905,0.0007,121.0
BRCA,PW_HIT_COUNT,All_Pathway_Alteration_Count,0.1287982419490632,TP53;PI3K;RTK_RAS;Cell_Cycle;Chromatin;DDR;MYC,mut/amp/del/sv,count of retained pathways with >=1 alteration (all pathways),EED,24,0.0092,0.941,0.8428846310448301,0.0613,0.0006,127.0
BRCA,PW_HIT_COUNT,All_Pathway_Alteration_Count,0.1287982419490632,TP53;PI3K;RTK_RAS;Cell_Cycle;Chromatin;DDR;MYC,mut/amp/del/sv,count of retained pathways with >=1 alteration (all pathways),IDH2,32,0.0123,0.952,0.8541169128958723,0.0489,0.0006,127.0
BRCA,PW_HIT_COUNT,All_Pathway_Alteration_Count,0.1287982419490632,TP53;PI3K;RTK_RAS;Cell_Cycle;Chromatin;DDR;MYC,mut/amp/del/sv,count of retained pathways with >=1 alteration (all pathways),MSH3,15,0.0057,1.115,0.7843012459498926,0.109,0.0006,127.0
BRCA,PW_HIT_COUNT,All_Pathway_Alteration_Count,0.1287982419490632,TP53;PI3K;RTK_RAS;Cell_Cycle;Chromatin;DDR;MYC,mut/amp/del/sv,count of retained pathways with >=1 alteration (all pathways),RAD50,13,0.005,1.132,0.7594621466425875,0.1239,0.0006,127.0
BRCA,PW_HIT_COUNT,All_Pathway_Alteration_Count,0.1287982419490632,TP53;PI3K;RTK_RAS;Cell_Cycle;Chromatin;DDR;MYC,mut/amp/del/sv,count of retained pathways with >=1 alteration (all pathways),RAD51D,27,0.0103,1.061,0.8337821035218318,0.0596,0.0006,127.0
BRCA,PW_HIT_COUNT,All_Pathway_Alteration_Count,0.1287982419490632,TP53;PI3K;RTK_RAS;Cell_Cycle;Chromatin;DDR;MYC,mut/amp/del/sv,count of retained pathways with >=1 alteration (all pathways),HRAS,12,0.0046,1.127,0.7689986250671614,0.1197,0.0005,132.0
BRCA,PW_HIT_COUNT,All_Pathway_Alteration_Count,0.1287982419490632,TP53;PI3K;RTK_RAS;Cell_Cycle;Chromatin;DDR;MYC,mut/amp/del/sv,count of retained pathways with >=1 alteration (all pathways),KMT2A,65,0.0249,1.016,0.9335354045248112,0.0158,0.0004,133.0
BRCA,PW_HIT_COUNT,All_Pathway_Alteration_Count,0.1287982419490632,TP53;PI3K;RTK_RAS;Cell_Cycle;Chromatin;DDR;MYC,mut/amp/del/sv,count of retained pathways with >=1 alteration (all pathways),KMT2B,66,0.0253,0.984,0.9382319244920814,0.0161,0.0004,133.0
BRCA,PW_HIT_COUNT,All_Pathway_Alteration_Count,0.1287982419490632,TP53;PI3K;RTK_RAS;Cell_Cycle;Chromatin;DDR;MYC,mut/amp/del/sv,count of retained pathways with >=1 alteration (all pathways),PTPN11,10,0.0038,1.101,0.8312514482675387,0.0964,0.0004,133.0
BRCA,PW_HIT_COUNT,All_Pathway_Alteration_Count,0.1287982419490632,TP53;PI3K;RTK_RAS;Cell_Cycle;Chromatin;DDR;MYC,mut/amp/del/sv,count of retained pathways with >=1 alteration (all pathways),ASXL1,38,0.0145,1.014,0.9561436586397635,0.014,0.0002,136.0
BRCA,PW_HIT_COUNT,All_Pathway_Alteration_Count,0.1287982419490632,TP53;PI3K;RTK_RAS;Cell_Cycle;Chromatin;DDR;MYC,mut/amp/del/sv,count of retained pathways with >=1 alteration (all pathways),CDKN2C,5,0.0019,1.107,0.9027128578678202,0.1016,0.0002,136.0
BRCA,PW_HIT_COUNT,All_Pathway_Alteration_Count,0.1287982419490632,TP53;PI3K;RTK_RAS;Cell_Cycle;Chromatin;DDR;MYC,mut/amp/del/sv,count of retained pathways with >=1 alteration (all pathways),DNMT3A,40,0.0153,0.989,0.9651114097037623,0.0107,0.0002,136.0
BRCA,PW_HIT_COUNT,All_Pathway_Alteration_Count,0.1287982419490632,TP53;PI3K;RTK_RAS;Cell_Cycle;Chromatin;DDR;MYC,mut/amp/del/sv,count of retained pathways with >=1 alteration (all pathways),POLD1,44,0.0168,0.987,0.9541614276688752,0.0135,0.0002,136.0
BRCA,PW_HIT_COUNT,All_Pathway_Alteration_Count,0.1287982419490632,TP53;PI3K;RTK_RAS;Cell_Cycle;Chromatin;DDR;MYC,mut/amp/del/sv,count of retained pathways with >=1 alteration (all pathways),SMARCD1,14,0.0054,0.971,0.9447819758195779,0.0298,0.0002,136.0
BRCA,PW_HIT_COUNT,All_Pathway_Alteration_Count,0.1287982419490632,TP53;PI3K;RTK_RAS;Cell_Cycle;Chromatin;DDR;MYC,mut/amp/del/sv,count of retained pathways with >=1 alteration (all pathways),AKT2,36,0.0138,1.003,0.9897901111666682,0.0035,0.0,141.0
BRCA,PW_HIT_COUNT,All_Pathway_Alteration_Count,0.1287982419490632,TP53;PI3K;RTK_RAS;Cell_Cycle;Chromatin;DDR;MYC,mut/amp/del/sv,count of retained pathways with >=1 alteration (all pathways),BRCA1,60,0.023,1.0,0.9990324860082742,0.0002,0.0,141.0
BRCA,PW_HIT_COUNT,All_Pathway_Alteration_Count,0.1287982419490632,TP53;PI3K;RTK_RAS;Cell_Cycle;Chromatin;DDR;MYC,mut/amp/del/sv,count of retained pathways with >=1 alteration (all pathways),ERCC3,9,0.0034,1.013,0.9796712053064116,0.0129,0.0,141.0
BRCA,PW_HIT_COUNT,All_Pathway_Alteration_Count,0.1287982419490632,TP53;PI3K;RTK_RAS;Cell_Cycle;Chromatin;DDR;MYC,mut/amp/del/sv,count of retained pathways with >=1 alteration (all pathways),NTRK2,12,0.0046,0.997,0.993733055470964,0.0035,0.0,141.0
BRCA,PW_HIT_COUNT,All_Pathway_Alteration_Count,0.1287982419490632,TP53;PI3K;RTK_RAS;Cell_Cycle;Chromatin;DDR;MYC,mut/amp/del/sv,count of retained pathways with >=1 alteration (all pathways),DEPTOR,1,0.0004,,,,,
BRCA,PW_HIT_COUNT,All_Pathway_Alteration_Count,0.1287982419490632,TP53;PI3K;RTK_RAS;Cell_Cycle;Chromatin;DDR;MYC,mut/amp/del/sv,count of retained pathways with >=1 alteration (all pathways),MRE11,1,0.0004,,,,,
BRCA,PW_RTK_RAS_amp_hit,RTK_RAS_amp_hit,-0.0748992021830237,RTK_RAS,amp,binary: any pathway gene amplified (CNA>=+2),ERBB2,374,0.1432,0.664,7.429066924723733e-06,0.4093,0.0586,1.0
BRCA,PW_RTK_RAS_amp_hit,RTK_RAS_amp_hit,-0.0748992021830237,RTK_RAS,amp,binary: any pathway gene amplified (CNA>=+2),FGFR1,313,0.1198,1.291,0.002850039996204326,0.2557,0.0306,2.0
BRCA,PW_RTK_RAS_amp_hit,RTK_RAS_amp_hit,-0.0748992021830237,RTK_RAS,amp,binary: any pathway gene amplified (CNA>=+2),RIT1,37,0.0142,1.897,0.002729336956391504,0.6403,0.0091,3.0
BRCA,PW_RTK_RAS_amp_hit,RTK_RAS_amp_hit,-0.0748992021830237,RTK_RAS,amp,binary: any pathway gene amplified (CNA>=+2),FGFR2,41,0.0157,1.644,0.02065998763214463,0.4974,0.0078,4.0
BRCA,PW_RTK_RAS_amp_hit,RTK_RAS_amp_hit,-0.0748992021830237,RTK_RAS,amp,binary: any pathway gene amplified (CNA>=+2),EGFR,35,0.0134,1.572,0.057630102149600966,0.452,0.0061,5.0
BRCA,PW_RTK_RAS_amp_hit,RTK_RAS_amp_hit,-0.0748992021830237,RTK_RAS,amp,binary: any pathway gene amplified (CNA>=+2),KRAS,30,0.0115,1.643,0.06005646291938942,0.4966,0.0057,6.0
BRCA,PW_RTK_RAS_amp_hit,RTK_RAS_amp_hit,-0.0748992021830237,RTK_RAS,amp,binary: any pathway gene amplified (CNA>=+2),NTRK1,23,0.0088,1.89,0.029424564319038938,0.6364,0.0056,7.0
BRCA,PW_RTK_RAS_amp_hit,RTK_RAS_amp_hit,-0.0748992021830237,RTK_RAS,amp,binary: any pathway gene amplified (CNA>=+2),JAK2,14,0.0054,2.777,0.0007665321535471337,1.0214,0.0055,8.0
BRCA,PW_RTK_RAS_amp_hit,RTK_RAS_amp_hit,-0.0748992021830237,RTK_RAS,amp,binary: any pathway gene amplified (CNA>=+2),FGFR3,13,0.005,2.796,0.002176943159511495,1.0281,0.0051,9.0
BRCA,PW_RTK_RAS_amp_hit,RTK_RAS_amp_hit,-0.0748992021830237,RTK_RAS,amp,binary: any pathway gene amplified (CNA>=+2),ARAF,8,0.0031,2.891,0.018493085639327583,1.0615,0.0033,10.0
BRCA,PW_RTK_RAS_amp_hit,RTK_RAS_amp_hit,-0.0748992021830237,RTK_RAS,amp,binary: any pathway gene amplified (CNA>=+2),KIT,13,0.005,1.888,0.06533947298215673,0.6355,0.0032,11.0
BRCA,PW_RTK_RAS_amp_hit,RTK_RAS_amp_hit,-0.0748992021830237,RTK_RAS,amp,binary: any pathway gene amplified (CNA>=+2),PDGFRA,16,0.0061,1.669,0.1305427665455636,0.5122,0.0031,12.0
BRCA,PW_RTK_RAS_amp_hit,RTK_RAS_amp_hit,-0.0748992021830237,RTK_RAS,amp,binary: any pathway gene amplified (CNA>=+2),ERBB3,10,0.0038,1.776,0.1466593048469559,0.5742,0.0022,13.0
BRCA,PW_RTK_RAS_amp_hit,RTK_RAS_amp_hit,-0.0748992021830237,RTK_RAS,amp,binary: any pathway gene amplified (CNA>=+2),IRS2,25,0.0096,1.254,0.43606531826461636,0.2266,0.0022,13.0
BRCA,PW_RTK_RAS_amp_hit,RTK_RAS_amp_hit,-0.0748992021830237,RTK_RAS,amp,binary: any pathway gene amplified (CNA>=+2),NF1,14,0.0054,0.673,0.3796116485441926,0.3957,0.0021,15.0
BRCA,PW_RTK_RAS_amp_hit,RTK_RAS_amp_hit,-0.0748992021830237,RTK_RAS,amp,binary: any pathway gene amplified (CNA>=+2),ROS1,16,0.0061,1.372,0.3694606749842748,0.3166,0.0019,16.0
BRCA,PW_RTK_RAS_amp_hit,RTK_RAS_amp_hit,-0.0748992021830237,RTK_RAS,amp,binary: any pathway gene amplified (CNA>=+2),RAF1,16,0.0061,1.308,0.4438594702006109,0.2689,0.0016,17.0
BRCA,PW_RTK_RAS_amp_hit,RTK_RAS_amp_hit,-0.0748992021830237,RTK_RAS,amp,binary: any pathway gene amplified (CNA>=+2),NTRK3,11,0.0042,0.695,0.44041642997721897,0.3645,0.0015,18.0
BRCA,PW_RTK_RAS_amp_hit,RTK_RAS_amp_hit,-0.0748992021830237,RTK_RAS,amp,binary: any pathway gene amplified (CNA>=+2),IGF1R,50,0.0191,1.073,0.7331335257145053,0.0708,0.0014,19.0
BRCA,PW_RTK_RAS_amp_hit,RTK_RAS_amp_hit,-0.0748992021830237,RTK_RAS,amp,binary: any pathway gene amplified (CNA>=+2),MET,7,0.0027,0.599,0.4632920618206219,0.5118,0.0014,19.0
BRCA,PW_RTK_RAS_amp_hit,RTK_RAS_amp_hit,-0.0748992021830237,RTK_RAS,amp,binary: any pathway gene amplified (CNA>=+2),RAC1,5,0.0019,1.836,0.27848934214671517,0.6073,0.0012,21.0
BRCA,PW_RTK_RAS_amp_hit,RTK_RAS_amp_hit,-0.0748992021830237,RTK_RAS,amp,binary: any pathway gene amplified (CNA>=+2),BRAF,7,0.0027,1.45,0.4349786815970703,0.3713,0.001,22.0
BRCA,PW_RTK_RAS_amp_hit,RTK_RAS_amp_hit,-0.0748992021830237,RTK_RAS,amp,binary: any pathway gene amplified (CNA>=+2),MAP2K2,5,0.0019,1.658,0.448759085731256,0.5058,0.001,22.0
BRCA,PW_RTK_RAS_amp_hit,RTK_RAS_amp_hit,-0.0748992021830237,RTK_RAS,amp,binary: any pathway gene amplified (CNA>=+2),MAPK1,9,0.0034,1.216,0.6714749811713558,0.1955,0.0007,24.0
BRCA,PW_RTK_RAS_amp_hit,RTK_RAS_amp_hit,-0.0748992021830237,RTK_RAS,amp,binary: any pathway gene amplified (CNA>=+2),NRAS,8,0.0031,1.255,0.6662543641405105,0.2271,0.0007,24.0
BRCA,PW_RTK_RAS_amp_hit,RTK_RAS_amp_hit,-0.0748992021830237,RTK_RAS,amp,binary: any pathway gene amplified (CNA>=+2),FGFR4,9,0.0034,0.975,0.9602625995111816,0.0252,0.0001,26.0
BRCA,PW_RTK_RAS_amp_hit,RTK_RAS_amp_hit,-0.0748992021830237,RTK_RAS,amp,binary: any pathway gene amplified (CNA>=+2),ABL1,1,0.0004,,,,,
BRCA,PW_RTK_RAS_amp_hit,RTK_RAS_amp_hit,-0.0748992021830237,RTK_RAS,amp,binary: any pathway gene amplified (CNA>=+2),ALK,3,0.0011,,,,,
BRCA,PW_RTK_RAS_amp_hit,RTK_RAS_amp_hit,-0.0748992021830237,RTK_RAS,amp,binary: any pathway gene amplified (CNA>=+2),CBL,1,0.0004,,,,,
BRCA,PW_RTK_RAS_amp_hit,RTK_RAS_amp_hit,-0.0748992021830237,RTK_RAS,amp,binary: any pathway gene amplified (CNA>=+2),ERBB4,1,0.0004,,,,,
BRCA,PW_RTK_RAS_amp_hit,RTK_RAS_amp_hit,-0.0748992021830237,RTK_RAS,amp,binary: any pathway gene amplified (CNA>=+2),ERF,1,0.0004,,,,,
BRCA,PW_RTK_RAS_amp_hit,RTK_RAS_amp_hit,-0.0748992021830237,RTK_RAS,amp,binary: any pathway gene amplified (CNA>=+2),ERRFI1,3,0.0011,,,,,
BRCA,PW_RTK_RAS_amp_hit,RTK_RAS_amp_hit,-0.0748992021830237,RTK_RAS,amp,binary: any pathway gene amplified (CNA>=+2),FLT3,2,0.0008,,,,,
BRCA,PW_RTK_RAS_amp_hit,RTK_RAS_amp_hit,-0.0748992021830237,RTK_RAS,amp,binary: any pathway gene amplified (CNA>=+2),HRAS,1,0.0004,,,,,
BRCA,PW_RTK_RAS_amp_hit,RTK_RAS_amp_hit,-0.0748992021830237,RTK_RAS,amp,binary: any pathway gene amplified (CNA>=+2),MAP2K1,1,0.0004,,,,,
BRCA,PW_RTK_RAS_amp_hit,RTK_RAS_amp_hit,-0.0748992021830237,RTK_RAS,amp,binary: any pathway gene amplified (CNA>=+2),PDGFRB,3,0.0011,,,,,
BRCA,PW_RTK_RAS_amp_hit,RTK_RAS_amp_hit,-0.0748992021830237,RTK_RAS,amp,binary: any pathway gene amplified (CNA>=+2),PTPN11,3,0.0011,,,,,
BRCA,PW_RTK_RAS_amp_hit,RTK_RAS_amp_hit,-0.0748992021830237,RTK_RAS,amp,binary: any pathway gene amplified (CNA>=+2),RASA1,1,0.0004,,,,,
BRCA,PW_RTK_RAS_amp_hit,RTK_RAS_amp_hit,-0.0748992021830237,RTK_RAS,amp,binary: any pathway gene amplified (CNA>=+2),RET,4,0.0015,,,,,
BRCA,PW_TP53_mut_rate_z,TP53_mut_rate,0.1910569407853244,TP53,mut,nonsilent-mutation rate over pathway genes (z-scored),TP53,1171,0.4483,1.667,7.413408733329227e-18,0.5111,0.2291,1.0
BRCA,PW_TP53_mut_rate_z,TP53_mut_rate,0.1910569407853244,TP53,mut,nonsilent-mutation rate over pathway genes (z-scored),ATM,58,0.0222,1.354,0.1131530424435689,0.3028,0.0067,2.0
BRCA,PW_TP53_mut_rate_z,TP53_mut_rate,0.1910569407853244,TP53,mut,nonsilent-mutation rate over pathway genes (z-scored),MDM4,6,0.0023,2.251,0.15277707107746014,0.8116,0.0019,3.0
BRCA,PW_TP53_mut_rate_z,TP53_mut_rate,0.1910569407853244,TP53,mut,nonsilent-mutation rate over pathway genes (z-scored),CHEK2,14,0.0054,0.835,0.6681797576012454,0.1808,0.001,4.0
BRCA,PW_TP53_mut_rate_z,TP53_mut_rate,0.1910569407853244,TP53,mut,nonsilent-mutation rate over pathway genes (z-scored),MDM2,9,0.0034,1.186,0.7105972560172011,0.1707,0.0006,5.0
LUAD,PW_HIT_COUNT,All_Pathway_Alteration_Count,0.08623152852858,TP53;PI3K;RTK_RAS;Cell_Cycle;Chromatin;DDR;MYC;NOTCH;NRF2,mut/amp/del/sv,count of retained pathways with >=1 alteration (all pathways),TP53,2136,0.4656,1.435,5.0737603098372e-21,0.3614,0.1683,1.0
LUAD,PW_HIT_COUNT,All_Pathway_Alteration_Count,0.08623152852858,TP53;PI3K;RTK_RAS;Cell_Cycle;Chromatin;DDR;MYC;NOTCH;NRF2,mut/amp/del/sv,count of retained pathways with >=1 alteration (all pathways),KEAP1,618,0.1347,1.657,8.327935021840367e-22,0.5051,0.068,2.0
LUAD,PW_HIT_COUNT,All_Pathway_Alteration_Count,0.08623152852858,TP53;PI3K;RTK_RAS;Cell_Cycle;Chromatin;DDR;MYC;NOTCH;NRF2,mut/amp/del/sv,count of retained pathways with >=1 alteration (all pathways),CDKN2A,737,0.1606,1.439,3.2520939689881597e-13,0.3641,0.0585,3.0
LUAD,PW_HIT_COUNT,All_Pathway_Alteration_Count,0.08623152852858,TP53;PI3K;RTK_RAS;Cell_Cycle;Chromatin;DDR;MYC;NOTCH;NRF2,mut/amp/del/sv,count of retained pathways with >=1 alteration (all pathways),STK11,706,0.1539,1.402,2.5093712444179653e-11,0.3382,0.052,4.0
LUAD,PW_HIT_COUNT,All_Pathway_Alteration_Count,0.08623152852858,TP53;PI3K;RTK_RAS;Cell_Cycle;Chromatin;DDR;MYC;NOTCH;NRF2,mut/amp/del/sv,count of retained pathways with >=1 alteration (all pathways),CDKN2B,471,0.1027,1.579,1.6994488481139445e-14,0.457,0.0469,5.0
LUAD,PW_HIT_COUNT,All_Pathway_Alteration_Count,0.08623152852858,TP53;PI3K;RTK_RAS;Cell_Cycle;Chromatin;DDR;MYC;NOTCH;NRF2,mut/amp/del/sv,count of retained pathways with >=1 alteration (all pathways),SMARCA4,375,0.0817,1.66,2.712414295896603e-15,0.5066,0.0414,6.0
LUAD,PW_HIT_COUNT,All_Pathway_Alteration_Count,0.08623152852858,TP53;PI3K;RTK_RAS;Cell_Cycle;Chromatin;DDR;MYC;NOTCH;NRF2,mut/amp/del/sv,count of retained pathways with >=1 alteration (all pathways),EGFR,1438,0.3134,0.883,0.0027935516486099665,0.1244,0.039,7.0
LUAD,PW_HIT_COUNT,All_Pathway_Alteration_Count,0.08623152852858,TP53;PI3K;RTK_RAS;Cell_Cycle;Chromatin;DDR;MYC;NOTCH;NRF2,mut/amp/del/sv,count of retained pathways with >=1 alteration (all pathways),MYC,246,0.0536,1.576,1.428049575112983e-08,0.4548,0.0244,8.0
LUAD,PW_HIT_COUNT,All_Pathway_Alteration_Count,0.08623152852858,TP53;PI3K;RTK_RAS;Cell_Cycle;Chromatin;DDR;MYC;NOTCH;NRF2,mut/amp/del/sv,count of retained pathways with >=1 alteration (all pathways),KRAS,1583,0.345,1.052,0.20876795014398034,0.0507,0.0175,9.0
LUAD,PW_HIT_COUNT,All_Pathway_Alteration_Count,0.08623152852858,TP53;PI3K;RTK_RAS;Cell_Cycle;Chromatin;DDR;MYC;NOTCH;NRF2,mut/amp/del/sv,count of retained pathways with >=1 alteration (all pathways),ERBB2,248,0.0541,1.371,4.917378041180588e-05,0.3154,0.0171,10.0
LUAD,PW_HIT_COUNT,All_Pathway_Alteration_Count,0.08623152852858,TP53;PI3K;RTK_RAS;Cell_Cycle;Chromatin;DDR;MYC;NOTCH;NRF2,mut/amp/del/sv,count of retained pathways with >=1 alteration (all pathways),RB1,230,0.0501,1.289,0.00205884847392194,0.2539,0.0127,11.0
LUAD,PW_HIT_COUNT,All_Pathway_Alteration_Count,0.08623152852858,TP53;PI3K;RTK_RAS;Cell_Cycle;Chromatin;DDR;MYC;NOTCH;NRF2,mut/amp/del/sv,count of retained pathways with >=1 alteration (all pathways),ALK,339,0.0739,0.848,0.026562432360039426,0.1649,0.0122,12.0
LUAD,PW_HIT_COUNT,All_Pathway_Alteration_Count,0.08623152852858,TP53;PI3K;RTK_RAS;Cell_Cycle;Chromatin;DDR;MYC;NOTCH;NRF2,mut/amp/del/sv,count of retained pathways with >=1 alteration (all pathways),ATRX,228,0.0497,1.198,0.03326048984755676,0.1806,0.009,13.0
LUAD,PW_HIT_COUNT,All_Pathway_Alteration_Count,0.08623152852858,TP53;PI3K;RTK_RAS;Cell_Cycle;Chromatin;DDR;MYC;NOTCH;NRF2,mut/amp/del/sv,count of retained pathways with >=1 alteration (all pathways),JAK2,116,0.0253,1.429,0.0014115734013010381,0.3569,0.009,13.0
LUAD,PW_HIT_COUNT,All_Pathway_Alteration_Count,0.08623152852858,TP53;PI3K;RTK_RAS;Cell_Cycle;Chromatin;DDR;MYC;NOTCH;NRF2,mut/amp/del/sv,count of retained pathways with >=1 alteration (all pathways),PTEN,121,0.0264,1.395,0.002239095859615033,0.3328,0.0088,15.0
LUAD,PW_HIT_COUNT,All_Pathway_Alteration_Count,0.08623152852858,TP53;PI3K;RTK_RAS;Cell_Cycle;Chromatin;DDR;MYC;NOTCH;NRF2,mut/amp/del/sv,count of retained pathways with >=1 alteration (all pathways),NFE2L2,86,0.0187,1.585,0.0003473710578055435,0.4607,0.0086,16.0
LUAD,PW_HIT_COUNT,All_Pathway_Alteration_Count,0.08623152852858,TP53;PI3K;RTK_RAS;Cell_Cycle;Chromatin;DDR;MYC;NOTCH;NRF2,mut/amp/del/sv,count of retained pathways with >=1 alteration (all pathways),RICTOR,150,0.0327,1.296,0.009804020714661202,0.2592,0.0085,17.0
LUAD,PW_HIT_COUNT,All_Pathway_Alteration_Count,0.08623152852858,TP53;PI3K;RTK_RAS;Cell_Cycle;Chromatin;DDR;MYC;NOTCH;NRF2,mut/amp/del/sv,count of retained pathways with >=1 alteration (all pathways),PBRM1,120,0.0262,1.378,0.005469913319391013,0.3209,0.0084,18.0
LUAD,PW_HIT_COUNT,All_Pathway_Alteration_Count,0.08623152852858,TP53;PI3K;RTK_RAS;Cell_Cycle;Chromatin;DDR;MYC;NOTCH;NRF2,mut/amp/del/sv,count of retained pathways with >=1 alteration (all pathways),SETD2,254,0.0554,0.863,0.08973620081921686,0.1478,0.0082,19.0
LUAD,PW_HIT_COUNT,All_Pathway_Alteration_Count,0.08623152852858,TP53;PI3K;RTK_RAS;Cell_Cycle;Chromatin;DDR;MYC;NOTCH;NRF2,mut/amp/del/sv,count of retained pathways with >=1 alteration (all pathways),ATM,353,0.0769,1.111,0.14089637310566896,0.1049,0.0081,20.0
LUAD,PW_HIT_COUNT,All_Pathway_Alteration_Count,0.08623152852858,TP53;PI3K;RTK_RAS;Cell_Cycle;Chromatin;DDR;MYC;NOTCH;NRF2,mut/amp/del/sv,count of retained pathways with >=1 alteration (all pathways),EP300,122,0.0266,1.355,0.006209291065214002,0.3041,0.0081,20.0
LUAD,PW_HIT_COUNT,All_Pathway_Alteration_Count,0.08623152852858,TP53;PI3K;RTK_RAS;Cell_Cycle;Chromatin;DDR;MYC;NOTCH;NRF2,mut/amp/del/sv,count of retained pathways with >=1 alteration (all pathways),ARID1A,295,0.0643,1.128,0.11874135046704715,0.1206,0.0078,22.0
LUAD,PW_HIT_COUNT,All_Pathway_Alteration_Count,0.08623152852858,TP53;PI3K;RTK_RAS;Cell_Cycle;Chromatin;DDR;MYC;NOTCH;NRF2,mut/amp/del/sv,count of retained pathways with >=1 alteration (all pathways),AKT2,72,0.0157,1.626,0.00041659881249788864,0.4864,0.0076,23.0
LUAD,PW_HIT_COUNT,All_Pathway_Alteration_Count,0.08623152852858,TP53;PI3K;RTK_RAS;Cell_Cycle;Chromatin;DDR;MYC;NOTCH;NRF2,mut/amp/del/sv,count of retained pathways with >=1 alteration (all pathways),CCNE1,134,0.0292,1.295,0.01772461925497104,0.2585,0.0075,24.0
LUAD,PW_HIT_COUNT,All_Pathway_Alteration_Count,0.08623152852858,TP53;PI3K;RTK_RAS;Cell_Cycle;Chromatin;DDR;MYC;NOTCH;NRF2,mut/amp/del/sv,count of retained pathways with >=1 alteration (all pathways),NBN,103,0.0224,1.398,0.005060100494697157,0.3351,0.0075,24.0
LUAD,PW_HIT_COUNT,All_Pathway_Alteration_Count,0.08623152852858,TP53;PI3K;RTK_RAS;Cell_Cycle;Chromatin;DDR;MYC;NOTCH;NRF2,mut/amp/del/sv,count of retained pathways with >=1 alteration (all pathways),RIT1,73,0.0159,1.546,0.0018373487345669833,0.4356,0.0069,26.0
LUAD,PW_HIT_COUNT,All_Pathway_Alteration_Count,0.08623152852858,TP53;PI3K;RTK_RAS;Cell_Cycle;Chromatin;DDR;MYC;NOTCH;NRF2,mut/amp/del/sv,count of retained pathways with >=1 alteration (all pathways),NTRK1,140,0.0305,1.25,0.038638931911427206,0.2229,0.0068,27.0
LUAD,PW_HIT_COUNT,All_Pathway_Alteration_Count,0.08623152852858,TP53;PI3K;RTK_RAS;Cell_Cycle;Chromatin;DDR;MYC;NOTCH;NRF2,mut/amp/del/sv,count of retained pathways with >=1 alteration (all pathways),ARID2,201,0.0438,1.158,0.10063047896247228,0.1469,0.0064,28.0
LUAD,PW_HIT_COUNT,All_Pathway_Alteration_Count,0.08623152852858,TP53;PI3K;RTK_RAS;Cell_Cycle;Chromatin;DDR;MYC;NOTCH;NRF2,mut/amp/del/sv,count of retained pathways with >=1 alteration (all pathways),KMT2D,264,0.0575,1.113,0.1867939933757439,0.1068,0.0061,29.0
LUAD,PW_HIT_COUNT,All_Pathway_Alteration_Count,0.08623152852858,TP53;PI3K;RTK_RAS;Cell_Cycle;Chromatin;DDR;MYC;NOTCH;NRF2,mut/amp/del/sv,count of retained pathways with >=1 alteration (all pathways),FGFR3,43,0.0094,1.897,0.0002816727856531879,0.6404,0.006,30.0
LUAD,PW_HIT_COUNT,All_Pathway_Alteration_Count,0.08623152852858,TP53;PI3K;RTK_RAS;Cell_Cycle;Chromatin;DDR;MYC;NOTCH;NRF2,mut/amp/del/sv,count of retained pathways with >=1 alteration (all pathways),CCND1,86,0.0187,1.351,0.022161778724847196,0.301,0.0056,31.0
LUAD,PW_HIT_COUNT,All_Pathway_Alteration_Count,0.08623152852858,TP53;PI3K;RTK_RAS;Cell_Cycle;Chromatin;DDR;MYC;NOTCH;NRF2,mut/amp/del/sv,count of retained pathways with >=1 alteration (all pathways),CCND2,49,0.0107,1.594,0.006436406335446215,0.4662,0.005,32.0
LUAD,PW_HIT_COUNT,All_Pathway_Alteration_Count,0.08623152852858,TP53;PI3K;RTK_RAS;Cell_Cycle;Chromatin;DDR;MYC;NOTCH;NRF2,mut/amp/del/sv,count of retained pathways with >=1 alteration (all pathways),SOS1,53,0.0116,1.541,0.011017196353569252,0.4325,0.005,32.0
LUAD,PW_HIT_COUNT,All_Pathway_Alteration_Count,0.08623152852858,TP53;PI3K;RTK_RAS;Cell_Cycle;Chromatin;DDR;MYC;NOTCH;NRF2,mut/amp/del/sv,count of retained pathways with >=1 alteration (all pathways),BAP1,70,0.0153,1.377,0.03027959285227117,0.3196,0.0049,34.0
LUAD,PW_HIT_COUNT,All_Pathway_Alteration_Count,0.08623152852858,TP53;PI3K;RTK_RAS;Cell_Cycle;Chromatin;DDR;MYC;NOTCH;NRF2,mut/amp/del/sv,count of retained pathways with >=1 alteration (all pathways),BRCA2,132,0.0288,1.185,0.12651178597169255,0.1694,0.0049,34.0
LUAD,PW_HIT_COUNT,All_Pathway_Alteration_Count,0.08623152852858,TP53;PI3K;RTK_RAS;Cell_Cycle;Chromatin;DDR;MYC;NOTCH;NRF2,mut/amp/del/sv,count of retained pathways with >=1 alteration (all pathways),MTOR,144,0.0314,0.859,0.1746443955661562,0.1518,0.0048,36.0
LUAD,PW_HIT_COUNT,All_Pathway_Alteration_Count,0.08623152852858,TP53;PI3K;RTK_RAS;Cell_Cycle;Chromatin;DDR;MYC;NOTCH;NRF2,mut/amp/del/sv,count of retained pathways with >=1 alteration (all pathways),NCOR1,121,0.0264,1.194,0.11524738228775763,0.1777,0.0047,37.0
LUAD,PW_HIT_COUNT,All_Pathway_Alteration_Count,0.08623152852858,TP53;PI3K;RTK_RAS;Cell_Cycle;Chromatin;DDR;MYC;NOTCH;NRF2,mut/amp/del/sv,count of retained pathways with >=1 alteration (all pathways),FANCA,85,0.0185,1.273,0.0652057741177552,0.2418,0.0045,38.0
LUAD,PW_HIT_COUNT,All_Pathway_Alteration_Count,0.08623152852858,TP53;PI3K;RTK_RAS;Cell_Cycle;Chromatin;DDR;MYC;NOTCH;NRF2,mut/amp/del/sv,count of retained pathways with >=1 alteration (all pathways),NRAS,45,0.0098,1.579,0.01373950773492096,0.4565,0.0045,38.0
LUAD,PW_HIT_COUNT,All_Pathway_Alteration_Count,0.08623152852858,TP53;PI3K;RTK_RAS;Cell_Cycle;Chromatin;DDR;MYC;NOTCH;NRF2,mut/amp/del/sv,count of retained pathways with >=1 alteration (all pathways),IGF1R,83,0.0181,1.272,0.07659497996743062,0.2405,0.0044,40.0
LUAD,PW_HIT_COUNT,All_Pathway_Alteration_Count,0.08623152852858,TP53;PI3K;RTK_RAS;Cell_Cycle;Chromatin;DDR;MYC;NOTCH;NRF2,mut/amp/del/sv,count of retained pathways with >=1 alteration (all pathways),MUTYH,38,0.0083,1.677,0.0066655163375209285,0.5172,0.0043,41.0
LUAD,PW_HIT_COUNT,All_Pathway_Alteration_Count,0.08623152852858,TP53;PI3K;RTK_RAS;Cell_Cycle;Chromatin;DDR;MYC;NOTCH;NRF2,mut/amp/del/sv,count of retained pathways with >=1 alteration (all pathways),KDM5C,154,0.0336,1.132,0.2363150241192322,0.124,0.0042,42.0
LUAD,PW_HIT_COUNT,All_Pathway_Alteration_Count,0.08623152852858,TP53;PI3K;RTK_RAS;Cell_Cycle;Chromatin;DDR;MYC;NOTCH;NRF2,mut/amp/del/sv,count of retained pathways with >=1 alteration (all pathways),RET,209,0.0456,0.913,0.32973297115757216,0.0911,0.0042,42.0
LUAD,PW_HIT_COUNT,All_Pathway_Alteration_Count,0.08623152852858,TP53;PI3K;RTK_RAS;Cell_Cycle;Chromatin;DDR;MYC;NOTCH;NRF2,mut/amp/del/sv,count of retained pathways with >=1 alteration (all pathways),ASXL2,86,0.0187,1.247,0.10047651146751495,0.2204,0.0041,44.0
LUAD,PW_HIT_COUNT,All_Pathway_Alteration_Count,0.08623152852858,TP53;PI3K;RTK_RAS;Cell_Cycle;Chromatin;DDR;MYC;NOTCH;NRF2,mut/amp/del/sv,count of retained pathways with >=1 alteration (all pathways),BRAF,274,0.0597,1.07,0.39521334219071846,0.0674,0.004,45.0
LUAD,PW_HIT_COUNT,All_Pathway_Alteration_Count,0.08623152852858,TP53;PI3K;RTK_RAS;Cell_Cycle;Chromatin;DDR;MYC;NOTCH;NRF2,mut/amp/del/sv,count of retained pathways with >=1 alteration (all pathways),PMS2,78,0.017,1.267,0.08502579370516684,0.2368,0.004,45.0
LUAD,PW_HIT_COUNT,All_Pathway_Alteration_Count,0.08623152852858,TP53;PI3K;RTK_RAS;Cell_Cycle;Chromatin;DDR;MYC;NOTCH;NRF2,mut/amp/del/sv,count of retained pathways with >=1 alteration (all pathways),CDKN1B,57,0.0124,1.372,0.04489448126388983,0.316,0.0039,47.0
LUAD,PW_HIT_COUNT,All_Pathway_Alteration_Count,0.08623152852858,TP53;PI3K;RTK_RAS;Cell_Cycle;Chromatin;DDR;MYC;NOTCH;NRF2,mut/amp/del/sv,count of retained pathways with >=1 alteration (all pathways),TSC2,95,0.0207,1.199,0.15295262963685818,0.1811,0.0038,48.0
LUAD,PW_HIT_COUNT,All_Pathway_Alteration_Count,0.08623152852858,TP53;PI3K;RTK_RAS;Cell_Cycle;Chromatin;DDR;MYC;NOTCH;NRF2,mut/amp/del/sv,count of retained pathways with >=1 alteration (all pathways),KDM6A,73,0.0159,1.258,0.11299266092842647,0.2294,0.0037,49.0
LUAD,PW_HIT_COUNT,All_Pathway_Alteration_Count,0.08623152852858,TP53;PI3K;RTK_RAS;Cell_Cycle;Chromatin;DDR;MYC;NOTCH;NRF2,mut/amp/del/sv,count of retained pathways with >=1 alteration (all pathways),RAC1,56,0.0122,1.357,0.055416631818881665,0.3056,0.0037,49.0
LUAD,PW_HIT_COUNT,All_Pathway_Alteration_Count,0.08623152852858,TP53;PI3K;RTK_RAS;Cell_Cycle;Chromatin;DDR;MYC;NOTCH;NRF2,mut/amp/del/sv,count of retained pathways with >=1 alteration (all pathways),NTRK2,84,0.0183,1.214,0.1627843124317235,0.194,0.0036,51.0
LUAD,PW_HIT_COUNT,All_Pathway_Alteration_Count,0.08623152852858,TP53;PI3K;RTK_RAS;Cell_Cycle;Chromatin;DDR;MYC;NOTCH;NRF2,mut/amp/del/sv,count of retained pathways with >=1 alteration (all pathways),NOTCH3,137,0.0299,1.124,0.27971326736518587,0.1171,0.0035,52.0
LUAD,PW_HIT_COUNT,All_Pathway_Alteration_Count,0.08623152852858,TP53;PI3K;RTK_RAS;Cell_Cycle;Chromatin;DDR;MYC;NOTCH;NRF2,mut/amp/del/sv,count of retained pathways with >=1 alteration (all pathways),RPTOR,78,0.017,1.217,0.1763321501975258,0.1964,0.0033,53.0
LUAD,PW_HIT_COUNT,All_Pathway_Alteration_Count,0.08623152852858,TP53;PI3K;RTK_RAS;Cell_Cycle;Chromatin;DDR;MYC;NOTCH;NRF2,mut/amp/del/sv,count of retained pathways with >=1 alteration (all pathways),DNMT3A,89,0.0194,0.846,0.24585535283543733,0.1667,0.0032,54.0
LUAD,PW_HIT_COUNT,All_Pathway_Alteration_Count,0.08623152852858,TP53;PI3K;RTK_RAS;Cell_Cycle;Chromatin;DDR;MYC;NOTCH;NRF2,mut/amp/del/sv,count of retained pathways with >=1 alteration (all pathways),KIT,100,0.0218,1.16,0.23921749164308967,0.1483,0.0032,54.0
LUAD,PW_HIT_COUNT,All_Pathway_Alteration_Count,0.08623152852858,TP53;PI3K;RTK_RAS;Cell_Cycle;Chromatin;DDR;MYC;NOTCH;NRF2,mut/amp/del/sv,count of retained pathways with >=1 alteration (all pathways),MET,308,0.0671,1.049,0.5325694344773166,0.0475,0.0032,54.0
LUAD,PW_HIT_COUNT,All_Pathway_Alteration_Count,0.08623152852858,TP53;PI3K;RTK_RAS;Cell_Cycle;Chromatin;DDR;MYC;NOTCH;NRF2,mut/amp/del/sv,count of retained pathways with >=1 alteration (all pathways),ERF,27,0.0059,1.694,0.02112582597724987,0.5272,0.0031,57.0
LUAD,PW_HIT_COUNT,All_Pathway_Alteration_Count,0.08623152852858,TP53;PI3K;RTK_RAS;Cell_Cycle;Chromatin;DDR;MYC;NOTCH;NRF2,mut/amp/del/sv,count of retained pathways with >=1 alteration (all pathways),PPP2R1A,56,0.0122,1.284,0.13517111923521927,0.25,0.0031,57.0
LUAD,PW_HIT_COUNT,All_Pathway_Alteration_Count,0.08623152852858,TP53;PI3K;RTK_RAS;Cell_Cycle;Chromatin;DDR;MYC;NOTCH;NRF2,mut/amp/del/sv,count of retained pathways with >=1 alteration (all pathways),ARID1B,126,0.0275,0.896,0.3703193157335355,0.1093,0.003,59.0
LUAD,PW_HIT_COUNT,All_Pathway_Alteration_Count,0.08623152852858,TP53;PI3K;RTK_RAS;Cell_Cycle;Chromatin;DDR;MYC;NOTCH;NRF2,mut/amp/del/sv,count of retained pathways with >=1 alteration (all pathways),PIK3CA,248,0.0541,1.058,0.4948535014961547,0.0562,0.003,59.0
LUAD,PW_HIT_COUNT,All_Pathway_Alteration_Count,0.08623152852858,TP53;PI3K;RTK_RAS;Cell_Cycle;Chromatin;DDR;MYC;NOTCH;NRF2,mut/amp/del/sv,count of retained pathways with >=1 alteration (all pathways),POLE,141,0.0307,0.911,0.4013331143956934,0.0934,0.0029,61.0
LUAD,PW_HIT_COUNT,All_Pathway_Alteration_Count,0.08623152852858,TP53;PI3K;RTK_RAS;Cell_Cycle;Chromatin;DDR;MYC;NOTCH;NRF2,mut/amp/del/sv,count of retained pathways with >=1 alteration (all pathways),SMARCB1,35,0.0076,1.466,0.06124923377897055,0.3825,0.0029,61.0
LUAD,PW_HIT_COUNT,All_Pathway_Alteration_Count,0.08623152852858,TP53;PI3K;RTK_RAS;Cell_Cycle;Chromatin;DDR;MYC;NOTCH;NRF2,mut/amp/del/sv,count of retained pathways with >=1 alteration (all pathways),ERCC3,36,0.0078,1.422,0.07774731564718533,0.3521,0.0028,63.0
LUAD,PW_HIT_COUNT,All_Pathway_Alteration_Count,0.08623152852858,TP53;PI3K;RTK_RAS;Cell_Cycle;Chromatin;DDR;MYC;NOTCH;NRF2,mut/amp/del/sv,count of retained pathways with >=1 alteration (all pathways),KMT2A,145,0.0316,1.093,0.40995672095658375,0.0892,0.0028,63.0
LUAD,PW_HIT_COUNT,All_Pathway_Alteration_Count,0.08623152852858,TP53;PI3K;RTK_RAS;Cell_Cycle;Chromatin;DDR;MYC;NOTCH;NRF2,mut/amp/del/sv,count of retained pathways with >=1 alteration (all pathways),KMT2C,236,0.0514,1.057,0.5174173782876679,0.055,0.0028,63.0
LUAD,PW_HIT_COUNT,All_Pathway_Alteration_Count,0.08623152852858,TP53;PI3K;RTK_RAS;Cell_Cycle;Chromatin;DDR;MYC;NOTCH;NRF2,mut/amp/del/sv,count of retained pathways with >=1 alteration (all pathways),RASA1,78,0.017,1.182,0.22963680802730227,0.1674,0.0028,63.0
LUAD,PW_HIT_COUNT,All_Pathway_Alteration_Count,0.08623152852858,TP53;PI3K;RTK_RAS;Cell_Cycle;Chromatin;DDR;MYC;NOTCH;NRF2,mut/amp/del/sv,count of retained pathways with >=1 alteration (all pathways),FGFR1,116,0.0253,1.103,0.40556691251582433,0.0984,0.0025,67.0
LUAD,PW_HIT_COUNT,All_Pathway_Alteration_Count,0.08623152852858,TP53;PI3K;RTK_RAS;Cell_Cycle;Chromatin;DDR;MYC;NOTCH;NRF2,mut/amp/del/sv,count of retained pathways with >=1 alteration (all pathways),MSH2,46,0.01,1.289,0.15022257398721559,0.2542,0.0025,67.0
LUAD,PW_HIT_COUNT,All_Pathway_Alteration_Count,0.08623152852858,TP53;PI3K;RTK_RAS;Cell_Cycle;Chromatin;DDR;MYC;NOTCH;NRF2,mut/amp/del/sv,count of retained pathways with >=1 alteration (all pathways),PDGFRB,112,0.0244,1.108,0.39449850791190544,0.1024,0.0025,67.0
LUAD,PW_HIT_COUNT,All_Pathway_Alteration_Count,0.08623152852858,TP53;PI3K;RTK_RAS;Cell_Cycle;Chromatin;DDR;MYC;NOTCH;NRF2,mut/amp/del/sv,count of retained pathways with >=1 alteration (all pathways),BARD1,60,0.0131,1.203,0.24600865464496477,0.185,0.0024,70.0
LUAD,PW_HIT_COUNT,All_Pathway_Alteration_Count,0.08623152852858,TP53;PI3K;RTK_RAS;Cell_Cycle;Chromatin;DDR;MYC;NOTCH;NRF2,mut/amp/del/sv,count of retained pathways with >=1 alteration (all pathways),BCOR,186,0.0405,1.062,0.5357716129375825,0.0599,0.0024,70.0
LUAD,PW_HIT_COUNT,All_Pathway_Alteration_Count,0.08623152852858,TP53;PI3K;RTK_RAS;Cell_Cycle;Chromatin;DDR;MYC;NOTCH;NRF2,mut/amp/del/sv,count of retained pathways with >=1 alteration (all pathways),IDH2,25,0.0054,1.559,0.0824409950430707,0.4439,0.0024,70.0
LUAD,PW_HIT_COUNT,All_Pathway_Alteration_Count,0.08623152852858,TP53;PI3K;RTK_RAS;Cell_Cycle;Chromatin;DDR;MYC;NOTCH;NRF2,mut/amp/del/sv,count of retained pathways with >=1 alteration (all pathways),ROS1,179,0.039,1.064,0.5180013318696984,0.0624,0.0024,70.0
LUAD,PW_HIT_COUNT,All_Pathway_Alteration_Count,0.08623152852858,TP53;PI3K;RTK_RAS;Cell_Cycle;Chromatin;DDR;MYC;NOTCH;NRF2,mut/amp/del/sv,count of retained pathways with >=1 alteration (all pathways),FGFR2,39,0.0085,1.306,0.17720898738008153,0.2666,0.0023,74.0
LUAD,PW_HIT_COUNT,All_Pathway_Alteration_Count,0.08623152852858,TP53;PI3K;RTK_RAS;Cell_Cycle;Chromatin;DDR;MYC;NOTCH;NRF2,mut/amp/del/sv,count of retained pathways with >=1 alteration (all pathways),MAX,75,0.0163,0.867,0.37294583207032794,0.1427,0.0023,74.0
LUAD,PW_HIT_COUNT,All_Pathway_Alteration_Count,0.08623152852858,TP53;PI3K;RTK_RAS;Cell_Cycle;Chromatin;DDR;MYC;NOTCH;NRF2,mut/amp/del/sv,count of retained pathways with >=1 alteration (all pathways),PDGFRA,172,0.0375,1.064,0.5356763039502836,0.0619,0.0023,74.0
LUAD,PW_HIT_COUNT,All_Pathway_Alteration_Count,0.08623152852858,TP53;PI3K;RTK_RAS;Cell_Cycle;Chromatin;DDR;MYC;NOTCH;NRF2,mut/amp/del/sv,count of retained pathways with >=1 alteration (all pathways),CDK4,234,0.051,0.958,0.6180671037139716,0.0431,0.0022,77.0
LUAD,PW_HIT_COUNT,All_Pathway_Alteration_Count,0.08623152852858,TP53;PI3K;RTK_RAS;Cell_Cycle;Chromatin;DDR;MYC;NOTCH;NRF2,mut/amp/del/sv,count of retained pathways with >=1 alteration (all pathways),FGFR4,86,0.0187,0.891,0.41395906339726884,0.116,0.0022,77.0
LUAD,PW_HIT_COUNT,All_Pathway_Alteration_Count,0.08623152852858,TP53;PI3K;RTK_RAS;Cell_Cycle;Chromatin;DDR;MYC;NOTCH;NRF2,mut/amp/del/sv,count of retained pathways with >=1 alteration (all pathways),NF1,350,0.0763,1.029,0.6947603997881298,0.0287,0.0022,77.0
LUAD,PW_HIT_COUNT,All_Pathway_Alteration_Count,0.08623152852858,TP53;PI3K;RTK_RAS;Cell_Cycle;Chromatin;DDR;MYC;NOTCH;NRF2,mut/amp/del/sv,count of retained pathways with >=1 alteration (all pathways),NOTCH1,124,0.027,0.924,0.5071632546489893,0.0796,0.0022,77.0
LUAD,PW_HIT_COUNT,All_Pathway_Alteration_Count,0.08623152852858,TP53;PI3K;RTK_RAS;Cell_Cycle;Chromatin;DDR;MYC;NOTCH;NRF2,mut/amp/del/sv,count of retained pathways with >=1 alteration (all pathways),ERBB4,181,0.0395,1.056,0.5747374587289209,0.0543,0.0021,81.0
LUAD,PW_HIT_COUNT,All_Pathway_Alteration_Count,0.08623152852858,TP53;PI3K;RTK_RAS;Cell_Cycle;Chromatin;DDR;MYC;NOTCH;NRF2,mut/amp/del/sv,count of retained pathways with >=1 alteration (all pathways),MAPK1,28,0.0061,1.405,0.14132143148863283,0.34,0.0021,81.0
LUAD,PW_HIT_COUNT,All_Pathway_Alteration_Count,0.08623152852858,TP53;PI3K;RTK_RAS;Cell_Cycle;Chromatin;DDR;MYC;NOTCH;NRF2,mut/amp/del/sv,count of retained pathways with >=1 alteration (all pathways),MAPKAP1,23,0.005,1.478,0.1390596089177231,0.3909,0.002,83.0
LUAD,PW_HIT_COUNT,All_Pathway_Alteration_Count,0.08623152852858,TP53;PI3K;RTK_RAS;Cell_Cycle;Chromatin;DDR;MYC;NOTCH;NRF2,mut/amp/del/sv,count of retained pathways with >=1 alteration (all pathways),PIK3R2,44,0.0096,1.228,0.2668973518402845,0.2055,0.002,83.0
LUAD,PW_HIT_COUNT,All_Pathway_Alteration_Count,0.08623152852858,TP53;PI3K;RTK_RAS;Cell_Cycle;Chromatin;DDR;MYC;NOTCH;NRF2,mut/amp/del/sv,count of retained pathways with >=1 alteration (all pathways),MSH6,57,0.0124,1.166,0.3542418141018655,0.1537,0.0019,85.0
LUAD,PW_HIT_COUNT,All_Pathway_Alteration_Count,0.08623152852858,TP53;PI3K;RTK_RAS;Cell_Cycle;Chromatin;DDR;MYC;NOTCH;NRF2,mut/amp/del/sv,count of retained pathways with >=1 alteration (all pathways),MLH1,27,0.0059,1.354,0.20126727761249993,0.3032,0.0018,86.0
LUAD,PW_HIT_COUNT,All_Pathway_Alteration_Count,0.08623152852858,TP53;PI3K;RTK_RAS;Cell_Cycle;Chromatin;DDR;MYC;NOTCH;NRF2,mut/amp/del/sv,count of retained pathways with >=1 alteration (all pathways),ABL1,70,0.0153,0.892,0.48544206922837196,0.1143,0.0017,87.0
LUAD,PW_HIT_COUNT,All_Pathway_Alteration_Count,0.08623152852858,TP53;PI3K;RTK_RAS;Cell_Cycle;Chromatin;DDR;MYC;NOTCH;NRF2,mut/amp/del/sv,count of retained pathways with >=1 alteration (all pathways),CCND3,52,0.0113,1.165,0.38124334411604754,0.1524,0.0017,87.0
LUAD,PW_HIT_COUNT,All_Pathway_Alteration_Count,0.08623152852858,TP53;PI3K;RTK_RAS;Cell_Cycle;Chromatin;DDR;MYC;NOTCH;NRF2,mut/amp/del/sv,count of retained pathways with >=1 alteration (all pathways),ERBB3,79,0.0172,0.904,0.5028195735474739,0.1011,0.0017,87.0
LUAD,PW_HIT_COUNT,All_Pathway_Alteration_Count,0.08623152852858,TP53;PI3K;RTK_RAS;Cell_Cycle;Chromatin;DDR;MYC;NOTCH;NRF2,mut/amp/del/sv,count of retained pathways with >=1 alteration (all pathways),ERCC5,81,0.0177,1.092,0.5356386426316346,0.0881,0.0016,90.0
LUAD,PW_HIT_COUNT,All_Pathway_Alteration_Count,0.08623152852858,TP53;PI3K;RTK_RAS;Cell_Cycle;Chromatin;DDR;MYC;NOTCH;NRF2,mut/amp/del/sv,count of retained pathways with >=1 alteration (all pathways),IDH1,39,0.0085,1.211,0.33856497211338654,0.1917,0.0016,90.0
LUAD,PW_HIT_COUNT,All_Pathway_Alteration_Count,0.08623152852858,TP53;PI3K;RTK_RAS;Cell_Cycle;Chromatin;DDR;MYC;NOTCH;NRF2,mut/amp/del/sv,count of retained pathways with >=1 alteration (all pathways),MAP2K2,36,0.0078,1.222,0.3496455162039276,0.2008,0.0016,90.0
LUAD,PW_HIT_COUNT,All_Pathway_Alteration_Count,0.08623152852858,TP53;PI3K;RTK_RAS;Cell_Cycle;Chromatin;DDR;MYC;NOTCH;NRF2,mut/amp/del/sv,count of retained pathways with >=1 alteration (all pathways),MDM2,315,0.0687,1.023,0.7586593017439797,0.0228,0.0016,90.0
LUAD,PW_HIT_COUNT,All_Pathway_Alteration_Count,0.08623152852858,TP53;PI3K;RTK_RAS;Cell_Cycle;Chromatin;DDR;MYC;NOTCH;NRF2,mut/amp/del/sv,count of retained pathways with >=1 alteration (all pathways),NSD2,49,0.0107,1.161,0.42952916854449175,0.1496,0.0016,90.0
LUAD,PW_HIT_COUNT,All_Pathway_Alteration_Count,0.08623152852858,TP53;PI3K;RTK_RAS;Cell_Cycle;Chromatin;DDR;MYC;NOTCH;NRF2,mut/amp/del/sv,count of retained pathways with >=1 alteration (all pathways),PIK3CB,62,0.0135,1.123,0.47628698445707174,0.1156,0.0016,90.0
LUAD,PW_HIT_COUNT,All_Pathway_Alteration_Count,0.08623152852858,TP53;PI3K;RTK_RAS;Cell_Cycle;Chromatin;DDR;MYC;NOTCH;NRF2,mut/amp/del/sv,count of retained pathways with >=1 alteration (all pathways),ATR,150,0.0327,1.047,0.672548865247823,0.0455,0.0015,96.0
LUAD,PW_HIT_COUNT,All_Pathway_Alteration_Count,0.08623152852858,TP53;PI3K;RTK_RAS;Cell_Cycle;Chromatin;DDR;MYC;NOTCH;NRF2,mut/amp/del/sv,count of retained pathways with >=1 alteration (all pathways),RAD50,57,0.0124,0.883,0.482952524192101,0.124,0.0015,96.0
LUAD,PW_HIT_COUNT,All_Pathway_Alteration_Count,0.08623152852858,TP53;PI3K;RTK_RAS;Cell_Cycle;Chromatin;DDR;MYC;NOTCH;NRF2,mut/amp/del/sv,count of retained pathways with >=1 alteration (all pathways),TSC1,58,0.0126,0.888,0.5007368089512401,0.1189,0.0015,96.0
LUAD,PW_HIT_COUNT,All_Pathway_Alteration_Count,0.08623152852858,TP53;PI3K;RTK_RAS;Cell_Cycle;Chromatin;DDR;MYC;NOTCH;NRF2,mut/amp/del/sv,count of retained pathways with >=1 alteration (all pathways),CDK6,35,0.0076,1.203,0.378461860487196,0.185,0.0014,99.0
LUAD,PW_HIT_COUNT,All_Pathway_Alteration_Count,0.08623152852858,TP53;PI3K;RTK_RAS;Cell_Cycle;Chromatin;DDR;MYC;NOTCH;NRF2,mut/amp/del/sv,count of retained pathways with >=1 alteration (all pathways),ERCC4,62,0.0135,1.113,0.500210631361456,0.1067,0.0014,99.0
LUAD,PW_HIT_COUNT,All_Pathway_Alteration_Count,0.08623152852858,TP53;PI3K;RTK_RAS;Cell_Cycle;Chromatin;DDR;MYC;NOTCH;NRF2,mut/amp/del/sv,count of retained pathways with >=1 alteration (all pathways),MDM4,43,0.0094,1.159,0.4331230611528073,0.1472,0.0014,99.0
LUAD,PW_HIT_COUNT,All_Pathway_Alteration_Count,0.08623152852858,TP53;PI3K;RTK_RAS;Cell_Cycle;Chromatin;DDR;MYC;NOTCH;NRF2,mut/amp/del/sv,count of retained pathways with >=1 alteration (all pathways),NSD1,117,0.0255,0.948,0.6592075228586052,0.0529,0.0014,99.0
LUAD,PW_HIT_COUNT,All_Pathway_Alteration_Count,0.08623152852858,TP53;PI3K;RTK_RAS;Cell_Cycle;Chromatin;DDR;MYC;NOTCH;NRF2,mut/amp/del/sv,count of retained pathways with >=1 alteration (all pathways),BRCA1,111,0.0242,0.947,0.6653965171113965,0.0544,0.0013,103.0
LUAD,PW_HIT_COUNT,All_Pathway_Alteration_Count,0.08623152852858,TP53;PI3K;RTK_RAS;Cell_Cycle;Chromatin;DDR;MYC;NOTCH;NRF2,mut/amp/del/sv,count of retained pathways with >=1 alteration (all pathways),EED,33,0.0072,1.205,0.3880289080172088,0.1861,0.0013,103.0
LUAD,PW_HIT_COUNT,All_Pathway_Alteration_Count,0.08623152852858,TP53;PI3K;RTK_RAS;Cell_Cycle;Chromatin;DDR;MYC;NOTCH;NRF2,mut/amp/del/sv,count of retained pathways with >=1 alteration (all pathways),KDM5A,97,0.0211,1.064,0.634143219506617,0.0621,0.0013,103.0
LUAD,PW_HIT_COUNT,All_Pathway_Alteration_Count,0.08623152852858,TP53;PI3K;RTK_RAS;Cell_Cycle;Chromatin;DDR;MYC;NOTCH;NRF2,mut/amp/del/sv,count of retained pathways with >=1 alteration (all pathways),KMT2B,177,0.0386,1.033,0.7569884698559846,0.0322,0.0012,106.0
LUAD,PW_HIT_COUNT,All_Pathway_Alteration_Count,0.08623152852858,TP53;PI3K;RTK_RAS;Cell_Cycle;Chromatin;DDR;MYC;NOTCH;NRF2,mut/amp/del/sv,count of retained pathways with >=1 alteration (all pathways),RHEB,15,0.0033,1.422,0.2670671840082738,0.3521,0.0012,106.0
LUAD,PW_HIT_COUNT,All_Pathway_Alteration_Count,0.08623152852858,TP53;PI3K;RTK_RAS;Cell_Cycle;Chromatin;DDR;MYC;NOTCH;NRF2,mut/amp/del/sv,count of retained pathways with >=1 alteration (all pathways),INPP4B,137,0.0299,0.964,0.7460130165814207,0.0363,0.0011,108.0
LUAD,PW_HIT_COUNT,All_Pathway_Alteration_Count,0.08623152852858,TP53;PI3K;RTK_RAS;Cell_Cycle;Chromatin;DDR;MYC;NOTCH;NRF2,mut/amp/del/sv,count of retained pathways with >=1 alteration (all pathways),NOTCH4,182,0.0397,1.029,0.7693693425335661,0.0286,0.0011,108.0
LUAD,PW_HIT_COUNT,All_Pathway_Alteration_Count,0.08623152852858,TP53;PI3K;RTK_RAS;Cell_Cycle;Chromatin;DDR;MYC;NOTCH;NRF2,mut/amp/del/sv,count of retained pathways with >=1 alteration (all pathways),POLD1,63,0.0137,1.087,0.6065044732151895,0.0833,0.0011,108.0
LUAD,PW_HIT_COUNT,All_Pathway_Alteration_Count,0.08623152852858,TP53;PI3K;RTK_RAS;Cell_Cycle;Chromatin;DDR;MYC;NOTCH;NRF2,mut/amp/del/sv,count of retained pathways with >=1 alteration (all pathways),RAD51C,27,0.0059,1.214,0.3976291249632474,0.1938,0.0011,108.0
LUAD,PW_HIT_COUNT,All_Pathway_Alteration_Count,0.08623152852858,TP53;PI3K;RTK_RAS;Cell_Cycle;Chromatin;DDR;MYC;NOTCH;NRF2,mut/amp/del/sv,count of retained pathways with >=1 alteration (all pathways),FLT3,82,0.0179,1.055,0.6994293770442854,0.0532,0.001,112.0
LUAD,PW_HIT_COUNT,All_Pathway_Alteration_Count,0.08623152852858,TP53;PI3K;RTK_RAS;Cell_Cycle;Chromatin;DDR;MYC;NOTCH;NRF2,mut/amp/del/sv,count of retained pathways with >=1 alteration (all pathways),MSH3,40,0.0087,0.895,0.6267711007180571,0.1107,0.001,112.0
LUAD,PW_HIT_COUNT,All_Pathway_Alteration_Count,0.08623152852858,TP53;PI3K;RTK_RAS;Cell_Cycle;Chromatin;DDR;MYC;NOTCH;NRF2,mut/amp/del/sv,count of retained pathways with >=1 alteration (all pathways),SUZ12,32,0.007,1.159,0.5142609205964436,0.1474,0.001,112.0
LUAD,PW_HIT_COUNT,All_Pathway_Alteration_Count,0.08623152852858,TP53;PI3K;RTK_RAS;Cell_Cycle;Chromatin;DDR;MYC;NOTCH;NRF2,mut/amp/del/sv,count of retained pathways with >=1 alteration (all pathways),ASXL1,93,0.0203,1.045,0.7421716073379651,0.0441,0.0009,115.0
LUAD,PW_HIT_COUNT,All_Pathway_Alteration_Count,0.08623152852858,TP53;PI3K;RTK_RAS;Cell_Cycle;Chromatin;DDR;MYC;NOTCH;NRF2,mut/amp/del/sv,count of retained pathways with >=1 alteration (all pathways),E2F3,37,0.0081,1.119,0.5882462877850994,0.1127,0.0009,115.0
LUAD,PW_HIT_COUNT,All_Pathway_Alteration_Count,0.08623152852858,TP53;PI3K;RTK_RAS;Cell_Cycle;Chromatin;DDR;MYC;NOTCH;NRF2,mut/amp/del/sv,count of retained pathways with >=1 alteration (all pathways),HRAS,16,0.0035,1.303,0.3998008962212296,0.2645,0.0009,115.0
LUAD,PW_HIT_COUNT,All_Pathway_Alteration_Count,0.08623152852858,TP53;PI3K;RTK_RAS;Cell_Cycle;Chromatin;DDR;MYC;NOTCH;NRF2,mut/amp/del/sv,count of retained pathways with >=1 alteration (all pathways),IRS2,110,0.024,1.038,0.7555236589116852,0.0376,0.0009,115.0
LUAD,PW_HIT_COUNT,All_Pathway_Alteration_Count,0.08623152852858,TP53;PI3K;RTK_RAS;Cell_Cycle;Chromatin;DDR;MYC;NOTCH;NRF2,mut/amp/del/sv,count of retained pathways with >=1 alteration (all pathways),NOTCH2,129,0.0281,0.97,0.7907867785725244,0.0308,0.0009,115.0
LUAD,PW_HIT_COUNT,All_Pathway_Alteration_Count,0.08623152852858,TP53;PI3K;RTK_RAS;Cell_Cycle;Chromatin;DDR;MYC;NOTCH;NRF2,mut/amp/del/sv,count of retained pathways with >=1 alteration (all pathways),PTPN11,42,0.0092,0.908,0.6263370332568641,0.0967,0.0009,115.0
LUAD,PW_HIT_COUNT,All_Pathway_Alteration_Count,0.08623152852858,TP53;PI3K;RTK_RAS;Cell_Cycle;Chromatin;DDR;MYC;NOTCH;NRF2,mut/amp/del/sv,count of retained pathways with >=1 alteration (all pathways),SPEN,118,0.0257,0.967,0.7869314832550622,0.0334,0.0009,115.0
LUAD,PW_HIT_COUNT,All_Pathway_Alteration_Count,0.08623152852858,TP53;PI3K;RTK_RAS;Cell_Cycle;Chromatin;DDR;MYC;NOTCH;NRF2,mut/amp/del/sv,count of retained pathways with >=1 alteration (all pathways),CHEK2,45,0.0098,1.086,0.6585662404379721,0.0823,0.0008,122.0
LUAD,PW_HIT_COUNT,All_Pathway_Alteration_Count,0.08623152852858,TP53;PI3K;RTK_RAS;Cell_Cycle;Chromatin;DDR;MYC;NOTCH;NRF2,mut/amp/del/sv,count of retained pathways with >=1 alteration (all pathways),RAD51B,26,0.0057,1.156,0.5267904572035843,0.1449,0.0008,122.0
LUAD,PW_HIT_COUNT,All_Pathway_Alteration_Count,0.08623152852858,TP53;PI3K;RTK_RAS;Cell_Cycle;Chromatin;DDR;MYC;NOTCH;NRF2,mut/amp/del/sv,count of retained pathways with >=1 alteration (all pathways),RECQL4,187,0.0408,1.021,0.8310976670446552,0.0208,0.0008,122.0
LUAD,PW_HIT_COUNT,All_Pathway_Alteration_Count,0.08623152852858,TP53;PI3K;RTK_RAS;Cell_Cycle;Chromatin;DDR;MYC;NOTCH;NRF2,mut/amp/del/sv,count of retained pathways with >=1 alteration (all pathways),TET2,93,0.0203,0.961,0.7747226221954887,0.0398,0.0008,122.0
LUAD,PW_HIT_COUNT,All_Pathway_Alteration_Count,0.08623152852858,TP53;PI3K;RTK_RAS;Cell_Cycle;Chromatin;DDR;MYC;NOTCH;NRF2,mut/amp/del/sv,count of retained pathways with >=1 alteration (all pathways),ARAF,90,0.0196,0.966,0.8033490397941792,0.0348,0.0007,126.0
LUAD,PW_HIT_COUNT,All_Pathway_Alteration_Count,0.08623152852858,TP53;PI3K;RTK_RAS;Cell_Cycle;Chromatin;DDR;MYC;NOTCH;NRF2,mut/amp/del/sv,count of retained pathways with >=1 alteration (all pathways),CBL,66,0.0144,1.052,0.7503335292040615,0.0512,0.0007,126.0
LUAD,PW_HIT_COUNT,All_Pathway_Alteration_Count,0.08623152852858,TP53;PI3K;RTK_RAS;Cell_Cycle;Chromatin;DDR;MYC;NOTCH;NRF2,mut/amp/del/sv,count of retained pathways with >=1 alteration (all pathways),FANCC,25,0.0054,0.882,0.6423864247613321,0.1253,0.0007,126.0
LUAD,PW_HIT_COUNT,All_Pathway_Alteration_Count,0.08623152852858,TP53;PI3K;RTK_RAS;Cell_Cycle;Chromatin;DDR;MYC;NOTCH;NRF2,mut/amp/del/sv,count of retained pathways with >=1 alteration (all pathways),FBXW7,67,0.0146,0.952,0.755338921520125,0.0496,0.0007,126.0
LUAD,PW_HIT_COUNT,All_Pathway_Alteration_Count,0.08623152852858,TP53;PI3K;RTK_RAS;Cell_Cycle;Chromatin;DDR;MYC;NOTCH;NRF2,mut/amp/del/sv,count of retained pathways with >=1 alteration (all pathways),MGA,244,0.0532,0.988,0.8837891807083335,0.0124,0.0007,126.0
LUAD,PW_HIT_COUNT,All_Pathway_Alteration_Count,0.08623152852858,TP53;PI3K;RTK_RAS;Cell_Cycle;Chromatin;DDR;MYC;NOTCH;NRF2,mut/amp/del/sv,count of retained pathways with >=1 alteration (all pathways),RAD51D,22,0.0048,0.869,0.6202193277436038,0.1404,0.0007,126.0
LUAD,PW_HIT_COUNT,All_Pathway_Alteration_Count,0.08623152852858,TP53;PI3K;RTK_RAS;Cell_Cycle;Chromatin;DDR;MYC;NOTCH;NRF2,mut/amp/del/sv,count of retained pathways with >=1 alteration (all pathways),AKT1,37,0.0081,1.076,0.7308738386909371,0.0729,0.0006,132.0
LUAD,PW_HIT_COUNT,All_Pathway_Alteration_Count,0.08623152852858,TP53;PI3K;RTK_RAS;Cell_Cycle;Chromatin;DDR;MYC;NOTCH;NRF2,mut/amp/del/sv,count of retained pathways with >=1 alteration (all pathways),MYCL,18,0.0039,0.859,0.6484167010134656,0.1516,0.0006,132.0
LUAD,PW_HIT_COUNT,All_Pathway_Alteration_Count,0.08623152852858,TP53;PI3K;RTK_RAS;Cell_Cycle;Chromatin;DDR;MYC;NOTCH;NRF2,mut/amp/del/sv,count of retained pathways with >=1 alteration (all pathways),MYCN,52,0.0113,1.052,0.7836812135813777,0.0505,0.0006,132.0
LUAD,PW_HIT_COUNT,All_Pathway_Alteration_Count,0.08623152852858,TP53;PI3K;RTK_RAS;Cell_Cycle;Chromatin;DDR;MYC;NOTCH;NRF2,mut/amp/del/sv,count of retained pathways with >=1 alteration (all pathways),CDKN2C,21,0.0046,0.892,0.7134793785806379,0.1144,0.0005,135.0
LUAD,PW_HIT_COUNT,All_Pathway_Alteration_Count,0.08623152852858,TP53;PI3K;RTK_RAS;Cell_Cycle;Chromatin;DDR;MYC;NOTCH;NRF2,mut/amp/del/sv,count of retained pathways with >=1 alteration (all pathways),EZH2,44,0.0096,1.055,0.7906756724830485,0.0532,0.0005,135.0
LUAD,PW_HIT_COUNT,All_Pathway_Alteration_Count,0.08623152852858,TP53;PI3K;RTK_RAS;Cell_Cycle;Chromatin;DDR;MYC;NOTCH;NRF2,mut/amp/del/sv,count of retained pathways with >=1 alteration (all pathways),NTRK3,231,0.0503,1.009,0.9175842835212532,0.009,0.0005,135.0
LUAD,PW_HIT_COUNT,All_Pathway_Alteration_Count,0.08623152852858,TP53;PI3K;RTK_RAS;Cell_Cycle;Chromatin;DDR;MYC;NOTCH;NRF2,mut/amp/del/sv,count of retained pathways with >=1 alteration (all pathways),CUL3,73,0.0159,1.023,0.8800431967431668,0.0229,0.0004,138.0
LUAD,PW_HIT_COUNT,All_Pathway_Alteration_Count,0.08623152852858,TP53;PI3K;RTK_RAS;Cell_Cycle;Chromatin;DDR;MYC;NOTCH;NRF2,mut/amp/del/sv,count of retained pathways with >=1 alteration (all pathways),ERRFI1,32,0.007,0.947,0.8143609269569707,0.055,0.0004,138.0
LUAD,PW_HIT_COUNT,All_Pathway_Alteration_Count,0.08623152852858,TP53;PI3K;RTK_RAS;Cell_Cycle;Chromatin;DDR;MYC;NOTCH;NRF2,mut/amp/del/sv,count of retained pathways with >=1 alteration (all pathways),BLM,52,0.0113,0.972,0.8727438096431213,0.0288,0.0003,140.0
LUAD,PW_HIT_COUNT,All_Pathway_Alteration_Count,0.08623152852858,TP53;PI3K;RTK_RAS;Cell_Cycle;Chromatin;DDR;MYC;NOTCH;NRF2,mut/amp/del/sv,count of retained pathways with >=1 alteration (all pathways),BRIP1,107,0.0233,0.987,0.9156593422407557,0.0132,0.0003,140.0
LUAD,PW_HIT_COUNT,All_Pathway_Alteration_Count,0.08623152852858,TP53;PI3K;RTK_RAS;Cell_Cycle;Chromatin;DDR;MYC;NOTCH;NRF2,mut/amp/del/sv,count of retained pathways with >=1 alteration (all pathways),CHEK1,28,0.0061,0.953,0.8491897642983159,0.0478,0.0003,140.0
LUAD,PW_HIT_COUNT,All_Pathway_Alteration_Count,0.08623152852858,TP53;PI3K;RTK_RAS;Cell_Cycle;Chromatin;DDR;MYC;NOTCH;NRF2,mut/amp/del/sv,count of retained pathways with >=1 alteration (all pathways),PALB2,82,0.0179,1.018,0.9011566863134092,0.0177,0.0003,140.0
LUAD,PW_HIT_COUNT,All_Pathway_Alteration_Count,0.08623152852858,TP53;PI3K;RTK_RAS;Cell_Cycle;Chromatin;DDR;MYC;NOTCH;NRF2,mut/amp/del/sv,count of retained pathways with >=1 alteration (all pathways),SMARCE1,9,0.002,1.158,0.7765425514288989,0.1463,0.0003,140.0
LUAD,PW_HIT_COUNT,All_Pathway_Alteration_Count,0.08623152852858,TP53;PI3K;RTK_RAS;Cell_Cycle;Chromatin;DDR;MYC;NOTCH;NRF2,mut/amp/del/sv,count of retained pathways with >=1 alteration (all pathways),TET1,149,0.0325,1.01,0.9295269329879067,0.0096,0.0003,140.0
LUAD,PW_HIT_COUNT,All_Pathway_Alteration_Count,0.08623152852858,TP53;PI3K;RTK_RAS;Cell_Cycle;Chromatin;DDR;MYC;NOTCH;NRF2,mut/amp/del/sv,count of retained pathways with >=1 alteration (all pathways),ERCC2,69,0.015,0.986,0.9279705385174601,0.0141,0.0002,146.0
LUAD,PW_HIT_COUNT,All_Pathway_Alteration_Count,0.08623152852858,TP53;PI3K;RTK_RAS;Cell_Cycle;Chromatin;DDR;MYC;NOTCH;NRF2,mut/amp/del/sv,count of retained pathways with >=1 alteration (all pathways),MAP2K1,52,0.0113,1.019,0.9175788558988385,0.019,0.0002,146.0
LUAD,PW_HIT_COUNT,All_Pathway_Alteration_Count,0.08623152852858,TP53;PI3K;RTK_RAS;Cell_Cycle;Chromatin;DDR;MYC;NOTCH;NRF2,mut/amp/del/sv,count of retained pathways with >=1 alteration (all pathways),SMARCD1,31,0.0068,0.976,0.9166820637701762,0.024,0.0002,146.0
LUAD,PW_HIT_COUNT,All_Pathway_Alteration_Count,0.08623152852858,TP53;PI3K;RTK_RAS;Cell_Cycle;Chromatin;DDR;MYC;NOTCH;NRF2,mut/amp/del/sv,count of retained pathways with >=1 alteration (all pathways),AKT3,57,0.0124,1.011,0.9482070504509341,0.011,0.0001,149.0
LUAD,PW_HIT_COUNT,All_Pathway_Alteration_Count,0.08623152852858,TP53;PI3K;RTK_RAS;Cell_Cycle;Chromatin;DDR;MYC;NOTCH;NRF2,mut/amp/del/sv,count of retained pathways with >=1 alteration (all pathways),CREBBP,170,0.0371,0.998,0.9859652492435259,0.0018,0.0001,149.0
LUAD,PW_HIT_COUNT,All_Pathway_Alteration_Count,0.08623152852858,TP53;PI3K;RTK_RAS;Cell_Cycle;Chromatin;DDR;MYC;NOTCH;NRF2,mut/amp/del/sv,count of retained pathways with >=1 alteration (all pathways),PIK3R1,54,0.0118,0.992,0.9643599175832029,0.0079,0.0001,149.0
LUAD,PW_HIT_COUNT,All_Pathway_Alteration_Count,0.08623152852858,TP53;PI3K;RTK_RAS;Cell_Cycle;Chromatin;DDR;MYC;NOTCH;NRF2,mut/amp/del/sv,count of retained pathways with >=1 alteration (all pathways),RAF1,34,0.0074,1.007,0.9750442207998665,0.0071,0.0001,149.0
LUAD,PW_HIT_COUNT,All_Pathway_Alteration_Count,0.08623152852858,TP53;PI3K;RTK_RAS;Cell_Cycle;Chromatin;DDR;MYC;NOTCH;NRF2,mut/amp/del/sv,count of retained pathways with >=1 alteration (all pathways),CDKN1A,20,0.0044,0.998,0.9955282024107164,0.0016,0.0,153.0
LUAD,PW_HIT_COUNT,All_Pathway_Alteration_Count,0.08623152852858,TP53;PI3K;RTK_RAS;Cell_Cycle;Chromatin;DDR;MYC;NOTCH;NRF2,mut/amp/del/sv,count of retained pathways with >=1 alteration (all pathways),PIK3R3,32,0.007,1.004,0.9858058449755518,0.0041,0.0,153.0
LUAD,PW_HIT_COUNT,All_Pathway_Alteration_Count,0.08623152852858,TP53;PI3K;RTK_RAS;Cell_Cycle;Chromatin;DDR;MYC;NOTCH;NRF2,mut/amp/del/sv,count of retained pathways with >=1 alteration (all pathways),FANCL,1,0.0002,,,,,
LUAD,PW_HIT_COUNT,All_Pathway_Alteration_Count,0.08623152852858,TP53;PI3K;RTK_RAS;Cell_Cycle;Chromatin;DDR;MYC;NOTCH;NRF2,mut/amp/del/sv,count of retained pathways with >=1 alteration (all pathways),MBD3,1,0.0002,,,,,
LUAD,PW_HIT_COUNT,All_Pathway_Alteration_Count,0.08623152852858,TP53;PI3K;RTK_RAS;Cell_Cycle;Chromatin;DDR;MYC;NOTCH;NRF2,mut/amp/del/sv,count of retained pathways with >=1 alteration (all pathways),MRE11,2,0.0004,,,,,
LUAD,PW_HIT_COUNT,All_Pathway_Alteration_Count,0.08623152852858,TP53;PI3K;RTK_RAS;Cell_Cycle;Chromatin;DDR;MYC;NOTCH;NRF2,mut/amp/del/sv,count of retained pathways with >=1 alteration (all pathways),NPRL3,1,0.0002,,,,,
LUAD,PW_NOTCH_any_rate_z,NOTCH_any_rate,-0.0799126546522201,NOTCH,mut/amp/del,fraction of pathway genes with mut/amp/del (z-scored),EP300,117,0.0255,1.343,0.009225235577551416,0.2949,0.0075,1.0
LUAD,PW_NOTCH_any_rate_z,NOTCH_any_rate,-0.0799126546522201,NOTCH,mut/amp/del,fraction of pathway genes with mut/amp/del (z-scored),NCOR1,118,0.0257,1.189,0.13052750178883937,0.1729,0.0044,2.0
LUAD,PW_NOTCH_any_rate_z,NOTCH_any_rate,-0.0799126546522201,NOTCH,mut/amp/del,fraction of pathway genes with mut/amp/del (z-scored),NOTCH3,131,0.0286,1.121,0.30244991194266435,0.1139,0.0033,3.0
LUAD,PW_NOTCH_any_rate_z,NOTCH_any_rate,-0.0799126546522201,NOTCH,mut/amp/del,fraction of pathway genes with mut/amp/del (z-scored),NOTCH1,122,0.0266,0.94,0.6086149181893089,0.0616,0.0016,4.0
LUAD,PW_NOTCH_any_rate_z,NOTCH_any_rate,-0.0799126546522201,NOTCH,mut/amp/del,fraction of pathway genes with mut/amp/del (z-scored),KDM5A,95,0.0207,1.065,0.6339341024119138,0.0627,0.0013,5.0
LUAD,PW_NOTCH_any_rate_z,NOTCH_any_rate,-0.0799126546522201,NOTCH,mut/amp/del,fraction of pathway genes with mut/amp/del (z-scored),NOTCH4,182,0.0397,1.029,0.7693693425335661,0.0286,0.0011,6.0
LUAD,PW_NOTCH_any_rate_z,NOTCH_any_rate,-0.0799126546522201,NOTCH,mut/amp/del,fraction of pathway genes with mut/amp/del (z-scored),FBXW7,67,0.0146,0.952,0.755338921520125,0.0496,0.0007,7.0
LUAD,PW_NOTCH_any_rate_z,NOTCH_any_rate,-0.0799126546522201,NOTCH,mut/amp/del,fraction of pathway genes with mut/amp/del (z-scored),NOTCH2,123,0.0268,0.974,0.8206229322481882,0.0268,0.0007,7.0
LUAD,PW_NOTCH_any_rate_z,NOTCH_any_rate,-0.0799126546522201,NOTCH,mut/amp/del,fraction of pathway genes with mut/amp/del (z-scored),SPEN,115,0.0251,0.976,0.8479653641526123,0.0239,0.0006,9.0
LUAD,PW_NOTCH_any_rate_z,NOTCH_any_rate,-0.0799126546522201,NOTCH,mut/amp/del,fraction of pathway genes with mut/amp/del (z-scored),CREBBP,165,0.036,1.009,0.9262892702129673,0.0094,0.0003,10.0
LUAD,PW_NRF2_zsum,NRF2_zsum,0.1115316999404081,NRF2,mut/amp/del/sv,composite: z(amp)+z(del)+z(sv)+mut_rate_z over pathway genes,KEAP1,618,0.1347,1.657,8.327935021840367e-22,0.5051,0.068,1.0
LUAD,PW_NRF2_zsum,NRF2_zsum,0.1115316999404081,NRF2,mut/amp/del/sv,composite: z(amp)+z(del)+z(sv)+mut_rate_z over pathway genes,NFE2L2,86,0.0187,1.585,0.0003473710578055435,0.4607,0.0086,2.0
LUAD,PW_NRF2_zsum,NRF2_zsum,0.1115316999404081,NRF2,mut/amp/del/sv,composite: z(amp)+z(del)+z(sv)+mut_rate_z over pathway genes,CUL3,73,0.0159,1.023,0.8800431967431668,0.0229,0.0004,3.0
LUAD,PW_RTK_RAS_mut_rate_z,RTK_RAS_mut_rate,-0.0777015710712572,RTK_RAS,mut,nonsilent-mutation rate over pathway genes (z-scored),EGFR,1390,0.303,0.859,0.0003227364358048515,0.1516,0.0459,1.0
LUAD,PW_RTK_RAS_mut_rate_z,RTK_RAS_mut_rate,-0.0777015710712572,RTK_RAS,mut,nonsilent-mutation rate over pathway genes (z-scored),KRAS,1542,0.3361,1.039,0.35156577197231753,0.0378,0.0127,2.0
LUAD,PW_RTK_RAS_mut_rate_z,RTK_RAS_mut_rate,-0.0777015710712572,RTK_RAS,mut,nonsilent-mutation rate over pathway genes (z-scored),ERBB2,193,0.0421,1.32,0.0018519777224712873,0.2778,0.0117,3.0
LUAD,PW_RTK_RAS_mut_rate_z,RTK_RAS_mut_rate,-0.0777015710712572,RTK_RAS,mut,nonsilent-mutation rate over pathway genes (z-scored),SOS1,51,0.0111,1.533,0.013429872521464346,0.4272,0.0047,4.0
LUAD,PW_RTK_RAS_mut_rate_z,RTK_RAS_mut_rate,-0.0777015710712572,RTK_RAS,mut,nonsilent-mutation rate over pathway genes (z-scored),IGF1R,70,0.0153,1.305,0.06961953001925528,0.2665,0.0041,5.0
LUAD,PW_RTK_RAS_mut_rate_z,RTK_RAS_mut_rate,-0.0777015710712572,RTK_RAS,mut,nonsilent-mutation rate over pathway genes (z-scored),NRAS,42,0.0092,1.563,0.02015559129096605,0.4467,0.0041,5.0
LUAD,PW_RTK_RAS_mut_rate_z,RTK_RAS_mut_rate,-0.0777015710712572,RTK_RAS,mut,nonsilent-mutation rate over pathway genes (z-scored),MET,240,0.0523,0.933,0.43253442447424406,0.0689,0.0036,7.0
LUAD,PW_RTK_RAS_mut_rate_z,RTK_RAS_mut_rate,-0.0777015710712572,RTK_RAS,mut,nonsilent-mutation rate over pathway genes (z-scored),ROS1,97,0.0211,1.187,0.17128971571399174,0.1717,0.0036,7.0
LUAD,PW_RTK_RAS_mut_rate_z,RTK_RAS_mut_rate,-0.0777015710712572,RTK_RAS,mut,nonsilent-mutation rate over pathway genes (z-scored),JAK2,82,0.0179,1.209,0.16430181104641545,0.19,0.0034,9.0
LUAD,PW_RTK_RAS_mut_rate_z,RTK_RAS_mut_rate,-0.0777015710712572,RTK_RAS,mut,nonsilent-mutation rate over pathway genes (z-scored),FGFR4,72,0.0157,0.826,0.22807378433289996,0.1907,0.003,10.0
LUAD,PW_RTK_RAS_mut_rate_z,RTK_RAS_mut_rate,-0.0777015710712572,RTK_RAS,mut,nonsilent-mutation rate over pathway genes (z-scored),ARAF,69,0.015,0.825,0.24484342593407735,0.192,0.0029,11.0
LUAD,PW_RTK_RAS_mut_rate_z,RTK_RAS_mut_rate,-0.0777015710712572,RTK_RAS,mut,nonsilent-mutation rate over pathway genes (z-scored),BRAF,262,0.0571,1.051,0.5438849658355155,0.0493,0.0028,12.0
LUAD,PW_RTK_RAS_mut_rate_z,RTK_RAS_mut_rate,-0.0777015710712572,RTK_RAS,mut,nonsilent-mutation rate over pathway genes (z-scored),NTRK1,99,0.0216,1.132,0.3420731589017754,0.1243,0.0027,13.0
LUAD,PW_RTK_RAS_mut_rate_z,RTK_RAS_mut_rate,-0.0777015710712572,RTK_RAS,mut,nonsilent-mutation rate over pathway genes (z-scored),NTRK2,81,0.0177,1.151,0.3251016441854734,0.1405,0.0025,14.0
LUAD,PW_RTK_RAS_mut_rate_z,RTK_RAS_mut_rate,-0.0777015710712572,RTK_RAS,mut,nonsilent-mutation rate over pathway genes (z-scored),KIT,79,0.0172,1.143,0.3399782768792935,0.1338,0.0023,15.0
LUAD,PW_RTK_RAS_mut_rate_z,RTK_RAS_mut_rate,-0.0777015710712572,RTK_RAS,mut,nonsilent-mutation rate over pathway genes (z-scored),ABL1,67,0.0146,0.864,0.38547992999454095,0.1463,0.0021,16.0
LUAD,PW_RTK_RAS_mut_rate_z,RTK_RAS_mut_rate,-0.0777015710712572,RTK_RAS,mut,nonsilent-mutation rate over pathway genes (z-scored),ERF,19,0.0041,1.61,0.08675921183650426,0.4764,0.002,17.0
LUAD,PW_RTK_RAS_mut_rate_z,RTK_RAS_mut_rate,-0.0777015710712572,RTK_RAS,mut,nonsilent-mutation rate over pathway genes (z-scored),PDGFRA,156,0.034,1.06,0.5775432504896778,0.0583,0.002,17.0
LUAD,PW_RTK_RAS_mut_rate_z,RTK_RAS_mut_rate,-0.0777015710712572,RTK_RAS,mut,nonsilent-mutation rate over pathway genes (z-scored),RET,118,0.0257,0.927,0.5353982045039163,0.0758,0.002,17.0
LUAD,PW_RTK_RAS_mut_rate_z,RTK_RAS_mut_rate,-0.0777015710712572,RTK_RAS,mut,nonsilent-mutation rate over pathway genes (z-scored),FGFR2,33,0.0072,1.31,0.20275426584404865,0.2702,0.0019,20.0
LUAD,PW_RTK_RAS_mut_rate_z,RTK_RAS_mut_rate,-0.0777015710712572,RTK_RAS,mut,nonsilent-mutation rate over pathway genes (z-scored),NF1,341,0.0743,1.025,0.7349086779898697,0.025,0.0019,20.0
LUAD,PW_RTK_RAS_mut_rate_z,RTK_RAS_mut_rate,-0.0777015710712572,RTK_RAS,mut,nonsilent-mutation rate over pathway genes (z-scored),FGFR3,23,0.005,1.439,0.1536945291380915,0.3638,0.0018,22.0
LUAD,PW_RTK_RAS_mut_rate_z,RTK_RAS_mut_rate,-0.0777015710712572,RTK_RAS,mut,nonsilent-mutation rate over pathway genes (z-scored),PDGFRB,108,0.0235,1.08,0.5300541928126442,0.0771,0.0018,22.0
LUAD,PW_RTK_RAS_mut_rate_z,RTK_RAS_mut_rate,-0.0777015710712572,RTK_RAS,mut,nonsilent-mutation rate over pathway genes (z-scored),ERBB4,179,0.039,1.041,0.6792148597173381,0.0404,0.0016,24.0
LUAD,PW_RTK_RAS_mut_rate_z,RTK_RAS_mut_rate,-0.0777015710712572,RTK_RAS,mut,nonsilent-mutation rate over pathway genes (z-scored),FGFR1,55,0.012,0.885,0.4976734904617903,0.1222,0.0015,25.0
LUAD,PW_RTK_RAS_mut_rate_z,RTK_RAS_mut_rate,-0.0777015710712572,RTK_RAS,mut,nonsilent-mutation rate over pathway genes (z-scored),FLT3,71,0.0155,0.919,0.579463113987458,0.0845,0.0013,26.0
LUAD,PW_RTK_RAS_mut_rate_z,RTK_RAS_mut_rate,-0.0777015710712572,RTK_RAS,mut,nonsilent-mutation rate over pathway genes (z-scored),ALK,189,0.0412,1.03,0.7565429123751262,0.0294,0.0012,27.0
LUAD,PW_RTK_RAS_mut_rate_z,RTK_RAS_mut_rate,-0.0777015710712572,RTK_RAS,mut,nonsilent-mutation rate over pathway genes (z-scored),IRS2,99,0.0216,0.961,0.7591343038676852,0.0396,0.0009,28.0
LUAD,PW_RTK_RAS_mut_rate_z,RTK_RAS_mut_rate,-0.0777015710712572,RTK_RAS,mut,nonsilent-mutation rate over pathway genes (z-scored),RASA1,69,0.015,1.051,0.7445966742219083,0.0498,0.0007,29.0
LUAD,PW_RTK_RAS_mut_rate_z,RTK_RAS_mut_rate,-0.0777015710712572,RTK_RAS,mut,nonsilent-mutation rate over pathway genes (z-scored),MAPK1,11,0.0024,1.272,0.5007295959204542,0.2409,0.0006,30.0
LUAD,PW_RTK_RAS_mut_rate_z,RTK_RAS_mut_rate,-0.0777015710712572,RTK_RAS,mut,nonsilent-mutation rate over pathway genes (z-scored),RIT1,24,0.0052,1.123,0.6628428206223617,0.1163,0.0006,30.0
LUAD,PW_RTK_RAS_mut_rate_z,RTK_RAS_mut_rate,-0.0777015710712572,RTK_RAS,mut,nonsilent-mutation rate over pathway genes (z-scored),CBL,58,0.0126,0.965,0.8370902990140359,0.036,0.0005,32.0
LUAD,PW_RTK_RAS_mut_rate_z,RTK_RAS_mut_rate,-0.0777015710712572,RTK_RAS,mut,nonsilent-mutation rate over pathway genes (z-scored),ERRFI1,27,0.0059,1.071,0.7814793861724412,0.0685,0.0004,33.0
LUAD,PW_RTK_RAS_mut_rate_z,RTK_RAS_mut_rate,-0.0777015710712572,RTK_RAS,mut,nonsilent-mutation rate over pathway genes (z-scored),RAF1,33,0.0072,1.054,0.8182555461851748,0.0527,0.0004,33.0
LUAD,PW_RTK_RAS_mut_rate_z,RTK_RAS_mut_rate,-0.0777015710712572,RTK_RAS,mut,nonsilent-mutation rate over pathway genes (z-scored),HRAS,10,0.0022,1.138,0.754923913933571,0.129,0.0003,35.0
LUAD,PW_RTK_RAS_mut_rate_z,RTK_RAS_mut_rate,-0.0777015710712572,RTK_RAS,mut,nonsilent-mutation rate over pathway genes (z-scored),MAP2K2,30,0.0065,1.054,0.8294767824043142,0.0526,0.0003,35.0
LUAD,PW_RTK_RAS_mut_rate_z,RTK_RAS_mut_rate,-0.0777015710712572,RTK_RAS,mut,nonsilent-mutation rate over pathway genes (z-scored),RAC1,13,0.0028,1.088,0.7979700463778612,0.0846,0.0002,37.0
LUAD,PW_RTK_RAS_mut_rate_z,RTK_RAS_mut_rate,-0.0777015710712572,RTK_RAS,mut,nonsilent-mutation rate over pathway genes (z-scored),ERBB3,53,0.0116,1.01,0.9557846715203524,0.0097,0.0001,38.0
LUAD,PW_RTK_RAS_mut_rate_z,RTK_RAS_mut_rate,-0.0777015710712572,RTK_RAS,mut,nonsilent-mutation rate over pathway genes (z-scored),MAP2K1,51,0.0111,0.995,0.9791407320896082,0.0049,0.0001,38.0
LUAD,PW_RTK_RAS_mut_rate_z,RTK_RAS_mut_rate,-0.0777015710712572,RTK_RAS,mut,nonsilent-mutation rate over pathway genes (z-scored),NTRK3,226,0.0493,0.998,0.9783855066050714,0.0024,0.0001,38.0
LUAD,PW_RTK_RAS_mut_rate_z,RTK_RAS_mut_rate,-0.0777015710712572,RTK_RAS,mut,nonsilent-mutation rate over pathway genes (z-scored),PTPN11,38,0.0083,0.993,0.9720487620883541,0.0072,0.0001,38.0
LUAD,PW_TP53_any_rate_z,TP53_any_rate,0.1080257770980312,TP53,mut/amp/del,fraction of pathway genes with mut/amp/del (z-scored),TP53,2120,0.4621,1.424,3.5588155812381315e-20,0.3534,0.1633,1.0
LUAD,PW_TP53_any_rate_z,TP53_any_rate,0.1080257770980312,TP53,mut/amp/del,fraction of pathway genes with mut/amp/del (z-scored),ATM,351,0.0765,1.11,0.144232085352045,0.1043,0.008,2.0
LUAD,PW_TP53_any_rate_z,TP53_any_rate,0.1080257770980312,TP53,mut/amp/del,fraction of pathway genes with mut/amp/del (z-scored),MDM2,314,0.0684,1.021,0.7828234826364526,0.0205,0.0014,3.0
LUAD,PW_TP53_any_rate_z,TP53_any_rate,0.1080257770980312,TP53,mut/amp/del,fraction of pathway genes with mut/amp/del (z-scored),MDM4,43,0.0094,1.159,0.4331230611528073,0.1472,0.0014,3.0
LUAD,PW_TP53_any_rate_z,TP53_any_rate,0.1080257770980312,TP53,mut/amp/del,fraction of pathway genes with mut/amp/del (z-scored),CHEK2,44,0.0096,1.056,0.7725417035842499,0.0548,0.0005,5.0
PAAD,PW_HIT_COUNT,All_Pathway_Alteration_Count,0.0692034298894908,TP53;RTK_RAS;Cell_Cycle;Chromatin;TGF_Beta;MYC;NOTCH;HIPPO,mut/amp/del/sv,count of retained pathways with >=1 alteration (all pathways),KRAS,1943,0.9341,1.297,0.01128281832478423,0.2599,0.2428,1.0
PAAD,PW_HIT_COUNT,All_Pathway_Alteration_Count,0.0692034298894908,TP53;RTK_RAS;Cell_Cycle;Chromatin;TGF_Beta;MYC;NOTCH;HIPPO,mut/amp/del/sv,count of retained pathways with >=1 alteration (all pathways),TP53,1588,0.7635,1.268,3.2366329796384885e-05,0.2374,0.1812,2.0
PAAD,PW_HIT_COUNT,All_Pathway_Alteration_Count,0.0692034298894908,TP53;RTK_RAS;Cell_Cycle;Chromatin;TGF_Beta;MYC;NOTCH;HIPPO,mut/amp/del/sv,count of retained pathways with >=1 alteration (all pathways),CDKN2A,828,0.3981,1.397,1.157776941286854e-11,0.3341,0.133,3.0
PAAD,PW_HIT_COUNT,All_Pathway_Alteration_Count,0.0692034298894908,TP53;RTK_RAS;Cell_Cycle;Chromatin;TGF_Beta;MYC;NOTCH;HIPPO,mut/amp/del/sv,count of retained pathways with >=1 alteration (all pathways),CDKN2B,294,0.1413,1.578,2.0631871285363852e-11,0.4562,0.0645,4.0
PAAD,PW_HIT_COUNT,All_Pathway_Alteration_Count,0.0692034298894908,TP53;RTK_RAS;Cell_Cycle;Chromatin;TGF_Beta;MYC;NOTCH;HIPPO,mut/amp/del/sv,count of retained pathways with >=1 alteration (all pathways),SMAD4,565,0.2716,1.083,0.1417351112488493,0.0797,0.0217,5.0
PAAD,PW_HIT_COUNT,All_Pathway_Alteration_Count,0.0692034298894908,TP53;RTK_RAS;Cell_Cycle;Chromatin;TGF_Beta;MYC;NOTCH;HIPPO,mut/amp/del/sv,count of retained pathways with >=1 alteration (all pathways),ARID1A,189,0.0909,1.259,0.005013071924691368,0.2301,0.0209,6.0
PAAD,PW_HIT_COUNT,All_Pathway_Alteration_Count,0.0692034298894908,TP53;RTK_RAS;Cell_Cycle;Chromatin;TGF_Beta;MYC;NOTCH;HIPPO,mut/amp/del/sv,count of retained pathways with >=1 alteration (all pathways),MYC,97,0.0466,1.562,6.485427623833541e-05,0.4461,0.0208,7.0
PAAD,PW_HIT_COUNT,All_Pathway_Alteration_Count,0.0692034298894908,TP53;RTK_RAS;Cell_Cycle;Chromatin;TGF_Beta;MYC;NOTCH;HIPPO,mut/amp/del/sv,count of retained pathways with >=1 alteration (all pathways),KDM6A,93,0.0447,1.291,0.0273305789613438,0.2558,0.0114,8.0
PAAD,PW_HIT_COUNT,All_Pathway_Alteration_Count,0.0692034298894908,TP53;RTK_RAS;Cell_Cycle;Chromatin;TGF_Beta;MYC;NOTCH;HIPPO,mut/amp/del/sv,count of retained pathways with >=1 alteration (all pathways),SMARCA4,60,0.0288,1.354,0.030994890461299187,0.3032,0.0087,9.0
PAAD,PW_HIT_COUNT,All_Pathway_Alteration_Count,0.0692034298894908,TP53;RTK_RAS;Cell_Cycle;Chromatin;TGF_Beta;MYC;NOTCH;HIPPO,mut/amp/del/sv,count of retained pathways with >=1 alteration (all pathways),FGFR1,48,0.0231,1.444,0.020165720808008967,0.3672,0.0085,10.0
PAAD,PW_HIT_COUNT,All_Pathway_Alteration_Count,0.0692034298894908,TP53;RTK_RAS;Cell_Cycle;Chromatin;TGF_Beta;MYC;NOTCH;HIPPO,mut/amp/del/sv,count of retained pathways with >=1 alteration (all pathways),FAT1,33,0.0159,1.497,0.034269334994109515,0.4036,0.0064,11.0
PAAD,PW_HIT_COUNT,All_Pathway_Alteration_Count,0.0692034298894908,TP53;RTK_RAS;Cell_Cycle;Chromatin;TGF_Beta;MYC;NOTCH;HIPPO,mut/amp/del/sv,count of retained pathways with >=1 alteration (all pathways),CCNE1,52,0.025,1.27,0.1404727744252956,0.2389,0.006,12.0
PAAD,PW_HIT_COUNT,All_Pathway_Alteration_Count,0.0692034298894908,TP53;RTK_RAS;Cell_Cycle;Chromatin;TGF_Beta;MYC;NOTCH;HIPPO,mut/amp/del/sv,count of retained pathways with >=1 alteration (all pathways),NOTCH3,33,0.0159,0.716,0.10801833903827121,0.3347,0.0053,13.0
PAAD,PW_HIT_COUNT,All_Pathway_Alteration_Count,0.0692034298894908,TP53;RTK_RAS;Cell_Cycle;Chromatin;TGF_Beta;MYC;NOTCH;HIPPO,mut/amp/del/sv,count of retained pathways with >=1 alteration (all pathways),FGFR4,16,0.0077,0.513,0.05024518644477067,0.6671,0.0051,14.0
PAAD,PW_HIT_COUNT,All_Pathway_Alteration_Count,0.0692034298894908,TP53;RTK_RAS;Cell_Cycle;Chromatin;TGF_Beta;MYC;NOTCH;HIPPO,mut/amp/del/sv,count of retained pathways with >=1 alteration (all pathways),CCND3,27,0.013,1.474,0.06117666990488216,0.3881,0.005,15.0
PAAD,PW_HIT_COUNT,All_Pathway_Alteration_Count,0.0692034298894908,TP53;RTK_RAS;Cell_Cycle;Chromatin;TGF_Beta;MYC;NOTCH;HIPPO,mut/amp/del/sv,count of retained pathways with >=1 alteration (all pathways),SMAD3,40,0.0192,0.777,0.17141643411684104,0.252,0.0048,16.0
PAAD,PW_HIT_COUNT,All_Pathway_Alteration_Count,0.0692034298894908,TP53;RTK_RAS;Cell_Cycle;Chromatin;TGF_Beta;MYC;NOTCH;HIPPO,mut/amp/del/sv,count of retained pathways with >=1 alteration (all pathways),KMT2A,26,0.0125,0.686,0.09746856042528003,0.3773,0.0047,17.0
PAAD,PW_HIT_COUNT,All_Pathway_Alteration_Count,0.0692034298894908,TP53;RTK_RAS;Cell_Cycle;Chromatin;TGF_Beta;MYC;NOTCH;HIPPO,mut/amp/del/sv,count of retained pathways with >=1 alteration (all pathways),RB1,53,0.0255,1.191,0.24985606647262576,0.175,0.0045,18.0
PAAD,PW_HIT_COUNT,All_Pathway_Alteration_Count,0.0692034298894908,TP53;RTK_RAS;Cell_Cycle;Chromatin;TGF_Beta;MYC;NOTCH;HIPPO,mut/amp/del/sv,count of retained pathways with >=1 alteration (all pathways),TET1,9,0.0043,0.361,0.025778571978432183,1.0181,0.0044,19.0
PAAD,PW_HIT_COUNT,All_Pathway_Alteration_Count,0.0692034298894908,TP53;RTK_RAS;Cell_Cycle;Chromatin;TGF_Beta;MYC;NOTCH;HIPPO,mut/amp/del/sv,count of retained pathways with >=1 alteration (all pathways),PBRM1,32,0.0154,1.289,0.18705409686572186,0.2542,0.0039,20.0
PAAD,PW_HIT_COUNT,All_Pathway_Alteration_Count,0.0692034298894908,TP53;RTK_RAS;Cell_Cycle;Chromatin;TGF_Beta;MYC;NOTCH;HIPPO,mut/amp/del/sv,count of retained pathways with >=1 alteration (all pathways),EGFR,21,0.0101,0.714,0.18274966410146543,0.3371,0.0034,21.0
PAAD,PW_HIT_COUNT,All_Pathway_Alteration_Count,0.0692034298894908,TP53;RTK_RAS;Cell_Cycle;Chromatin;TGF_Beta;MYC;NOTCH;HIPPO,mut/amp/del/sv,count of retained pathways with >=1 alteration (all pathways),CCND1,26,0.0125,1.287,0.2409168490267443,0.2521,0.0032,22.0
PAAD,PW_HIT_COUNT,All_Pathway_Alteration_Count,0.0692034298894908,TP53;RTK_RAS;Cell_Cycle;Chromatin;TGF_Beta;MYC;NOTCH;HIPPO,mut/amp/del/sv,count of retained pathways with >=1 alteration (all pathways),KMT2B,44,0.0212,1.162,0.3817391564603084,0.1499,0.0032,22.0
PAAD,PW_HIT_COUNT,All_Pathway_Alteration_Count,0.0692034298894908,TP53;RTK_RAS;Cell_Cycle;Chromatin;TGF_Beta;MYC;NOTCH;HIPPO,mut/amp/del/sv,count of retained pathways with >=1 alteration (all pathways),NOTCH1,27,0.013,0.78,0.26424741914057553,0.249,0.0032,22.0
PAAD,PW_HIT_COUNT,All_Pathway_Alteration_Count,0.0692034298894908,TP53;RTK_RAS;Cell_Cycle;Chromatin;TGF_Beta;MYC;NOTCH;HIPPO,mut/amp/del/sv,count of retained pathways with >=1 alteration (all pathways),NTRK3,27,0.013,1.279,0.2313984583905014,0.2458,0.0032,22.0
PAAD,PW_HIT_COUNT,All_Pathway_Alteration_Count,0.0692034298894908,TP53;RTK_RAS;Cell_Cycle;Chromatin;TGF_Beta;MYC;NOTCH;HIPPO,mut/amp/del/sv,count of retained pathways with >=1 alteration (all pathways),BRAF,30,0.0144,1.221,0.3584798694621809,0.1998,0.0029,26.0
PAAD,PW_HIT_COUNT,All_Pathway_Alteration_Count,0.0692034298894908,TP53;RTK_RAS;Cell_Cycle;Chromatin;TGF_Beta;MYC;NOTCH;HIPPO,mut/amp/del/sv,count of retained pathways with >=1 alteration (all pathways),KMT2C,72,0.0346,0.92,0.5355790214616518,0.0829,0.0029,26.0
PAAD,PW_HIT_COUNT,All_Pathway_Alteration_Count,0.0692034298894908,TP53;RTK_RAS;Cell_Cycle;Chromatin;TGF_Beta;MYC;NOTCH;HIPPO,mut/amp/del/sv,count of retained pathways with >=1 alteration (all pathways),ARID2,36,0.0173,1.174,0.3842669250691243,0.1602,0.0028,28.0
PAAD,PW_HIT_COUNT,All_Pathway_Alteration_Count,0.0692034298894908,TP53;RTK_RAS;Cell_Cycle;Chromatin;TGF_Beta;MYC;NOTCH;HIPPO,mut/amp/del/sv,count of retained pathways with >=1 alteration (all pathways),FBXW7,26,0.0125,0.804,0.31818417959639067,0.2185,0.0027,29.0
PAAD,PW_HIT_COUNT,All_Pathway_Alteration_Count,0.0692034298894908,TP53;RTK_RAS;Cell_Cycle;Chromatin;TGF_Beta;MYC;NOTCH;HIPPO,mut/amp/del/sv,count of retained pathways with >=1 alteration (all pathways),BCOR,48,0.0231,0.895,0.4881140807831025,0.1105,0.0026,30.0
PAAD,PW_HIT_COUNT,All_Pathway_Alteration_Count,0.0692034298894908,TP53;RTK_RAS;Cell_Cycle;Chromatin;TGF_Beta;MYC;NOTCH;HIPPO,mut/amp/del/sv,count of retained pathways with >=1 alteration (all pathways),ERBB2,34,0.0163,0.855,0.42874776688801064,0.1566,0.0026,30.0
PAAD,PW_HIT_COUNT,All_Pathway_Alteration_Count,0.0692034298894908,TP53;RTK_RAS;Cell_Cycle;Chromatin;TGF_Beta;MYC;NOTCH;HIPPO,mut/amp/del/sv,count of retained pathways with >=1 alteration (all pathways),ERBB4,38,0.0183,0.867,0.43572525678548824,0.1428,0.0026,30.0
PAAD,PW_HIT_COUNT,All_Pathway_Alteration_Count,0.0692034298894908,TP53;RTK_RAS;Cell_Cycle;Chromatin;TGF_Beta;MYC;NOTCH;HIPPO,mut/amp/del/sv,count of retained pathways with >=1 alteration (all pathways),CCND2,16,0.0077,0.719,0.25214915346697925,0.3302,0.0025,33.0
PAAD,PW_HIT_COUNT,All_Pathway_Alteration_Count,0.0692034298894908,TP53;RTK_RAS;Cell_Cycle;Chromatin;TGF_Beta;MYC;NOTCH;HIPPO,mut/amp/del/sv,count of retained pathways with >=1 alteration (all pathways),ATM,68,0.0327,0.929,0.5934293017406456,0.0736,0.0024,34.0
PAAD,PW_HIT_COUNT,All_Pathway_Alteration_Count,0.0692034298894908,TP53;RTK_RAS;Cell_Cycle;Chromatin;TGF_Beta;MYC;NOTCH;HIPPO,mut/amp/del/sv,count of retained pathways with >=1 alteration (all pathways),IGF1R,11,0.0053,0.646,0.229956121304652,0.4372,0.0023,35.0
PAAD,PW_HIT_COUNT,All_Pathway_Alteration_Count,0.0692034298894908,TP53;RTK_RAS;Cell_Cycle;Chromatin;TGF_Beta;MYC;NOTCH;HIPPO,mut/amp/del/sv,count of retained pathways with >=1 alteration (all pathways),ABL1,7,0.0034,0.513,0.17328674184433734,0.6679,0.0022,36.0
PAAD,PW_HIT_COUNT,All_Pathway_Alteration_Count,0.0692034298894908,TP53;RTK_RAS;Cell_Cycle;Chromatin;TGF_Beta;MYC;NOTCH;HIPPO,mut/amp/del/sv,count of retained pathways with >=1 alteration (all pathways),LATS2,18,0.0087,1.286,0.32664252966828955,0.2515,0.0022,36.0
PAAD,PW_HIT_COUNT,All_Pathway_Alteration_Count,0.0692034298894908,TP53;RTK_RAS;Cell_Cycle;Chromatin;TGF_Beta;MYC;NOTCH;HIPPO,mut/amp/del/sv,count of retained pathways with >=1 alteration (all pathways),NSD1,16,0.0077,0.747,0.3130499842062031,0.2915,0.0022,36.0
PAAD,PW_HIT_COUNT,All_Pathway_Alteration_Count,0.0692034298894908,TP53;RTK_RAS;Cell_Cycle;Chromatin;TGF_Beta;MYC;NOTCH;HIPPO,mut/amp/del/sv,count of retained pathways with >=1 alteration (all pathways),SETD2,24,0.0115,0.828,0.3917142359926562,0.1888,0.0022,36.0
PAAD,PW_HIT_COUNT,All_Pathway_Alteration_Count,0.0692034298894908,TP53;RTK_RAS;Cell_Cycle;Chromatin;TGF_Beta;MYC;NOTCH;HIPPO,mut/amp/del/sv,count of retained pathways with >=1 alteration (all pathways),CDK6,37,0.0178,1.123,0.533572910418027,0.1161,0.0021,40.0
PAAD,PW_HIT_COUNT,All_Pathway_Alteration_Count,0.0692034298894908,TP53;RTK_RAS;Cell_Cycle;Chromatin;TGF_Beta;MYC;NOTCH;HIPPO,mut/amp/del/sv,count of retained pathways with >=1 alteration (all pathways),RIT1,8,0.0038,1.709,0.14647282951480384,0.5361,0.0021,40.0
PAAD,PW_HIT_COUNT,All_Pathway_Alteration_Count,0.0692034298894908,TP53;RTK_RAS;Cell_Cycle;Chromatin;TGF_Beta;MYC;NOTCH;HIPPO,mut/amp/del/sv,count of retained pathways with >=1 alteration (all pathways),EZH2,9,0.0043,1.575,0.18688050521183355,0.4544,0.002,42.0
PAAD,PW_HIT_COUNT,All_Pathway_Alteration_Count,0.0692034298894908,TP53;RTK_RAS;Cell_Cycle;Chromatin;TGF_Beta;MYC;NOTCH;HIPPO,mut/amp/del/sv,count of retained pathways with >=1 alteration (all pathways),NF1,23,0.0111,0.835,0.43913285466779606,0.1799,0.002,42.0
PAAD,PW_HIT_COUNT,All_Pathway_Alteration_Count,0.0692034298894908,TP53;RTK_RAS;Cell_Cycle;Chromatin;TGF_Beta;MYC;NOTCH;HIPPO,mut/amp/del/sv,count of retained pathways with >=1 alteration (all pathways),ROS1,19,0.0091,1.249,0.3549618877206363,0.2224,0.002,42.0
PAAD,PW_HIT_COUNT,All_Pathway_Alteration_Count,0.0692034298894908,TP53;RTK_RAS;Cell_Cycle;Chromatin;TGF_Beta;MYC;NOTCH;HIPPO,mut/amp/del/sv,count of retained pathways with >=1 alteration (all pathways),ERBB3,31,0.0149,1.136,0.5224521695648651,0.1272,0.0019,45.0
PAAD,PW_HIT_COUNT,All_Pathway_Alteration_Count,0.0692034298894908,TP53;RTK_RAS;Cell_Cycle;Chromatin;TGF_Beta;MYC;NOTCH;HIPPO,mut/amp/del/sv,count of retained pathways with >=1 alteration (all pathways),IRS2,13,0.0063,0.737,0.3992724840728574,0.3047,0.0019,45.0
PAAD,PW_HIT_COUNT,All_Pathway_Alteration_Count,0.0692034298894908,TP53;RTK_RAS;Cell_Cycle;Chromatin;TGF_Beta;MYC;NOTCH;HIPPO,mut/amp/del/sv,count of retained pathways with >=1 alteration (all pathways),NRAS,10,0.0048,1.499,0.2363982448308052,0.405,0.0019,45.0
PAAD,PW_HIT_COUNT,All_Pathway_Alteration_Count,0.0692034298894908,TP53;RTK_RAS;Cell_Cycle;Chromatin;TGF_Beta;MYC;NOTCH;HIPPO,mut/amp/del/sv,count of retained pathways with >=1 alteration (all pathways),SPEN,13,0.0063,0.735,0.36637457955715935,0.3072,0.0019,45.0
PAAD,PW_HIT_COUNT,All_Pathway_Alteration_Count,0.0692034298894908,TP53;RTK_RAS;Cell_Cycle;Chromatin;TGF_Beta;MYC;NOTCH;HIPPO,mut/amp/del/sv,count of retained pathways with >=1 alteration (all pathways),SUZ12,8,0.0038,1.628,0.21830047344833864,0.4873,0.0019,45.0
PAAD,PW_HIT_COUNT,All_Pathway_Alteration_Count,0.0692034298894908,TP53;RTK_RAS;Cell_Cycle;Chromatin;TGF_Beta;MYC;NOTCH;HIPPO,mut/amp/del/sv,count of retained pathways with >=1 alteration (all pathways),ARID1B,30,0.0144,0.88,0.5411219906262303,0.1273,0.0018,50.0
PAAD,PW_HIT_COUNT,All_Pathway_Alteration_Count,0.0692034298894908,TP53;RTK_RAS;Cell_Cycle;Chromatin;TGF_Beta;MYC;NOTCH;HIPPO,mut/amp/del/sv,count of retained pathways with >=1 alteration (all pathways),ERRFI1,5,0.0024,2.088,0.09589740519979614,0.7364,0.0018,50.0
PAAD,PW_HIT_COUNT,All_Pathway_Alteration_Count,0.0692034298894908,TP53;RTK_RAS;Cell_Cycle;Chromatin;TGF_Beta;MYC;NOTCH;HIPPO,mut/amp/del/sv,count of retained pathways with >=1 alteration (all pathways),IDH2,7,0.0034,1.731,0.13871094890380564,0.5486,0.0018,50.0
PAAD,PW_HIT_COUNT,All_Pathway_Alteration_Count,0.0692034298894908,TP53;RTK_RAS;Cell_Cycle;Chromatin;TGF_Beta;MYC;NOTCH;HIPPO,mut/amp/del/sv,count of retained pathways with >=1 alteration (all pathways),IDH1,7,0.0034,1.644,0.17867956254887327,0.4972,0.0017,53.0
PAAD,PW_HIT_COUNT,All_Pathway_Alteration_Count,0.0692034298894908,TP53;RTK_RAS;Cell_Cycle;Chromatin;TGF_Beta;MYC;NOTCH;HIPPO,mut/amp/del/sv,count of retained pathways with >=1 alteration (all pathways),KDM5C,15,0.0072,0.792,0.3876041995253702,0.2333,0.0017,53.0
PAAD,PW_HIT_COUNT,All_Pathway_Alteration_Count,0.0692034298894908,TP53;RTK_RAS;Cell_Cycle;Chromatin;TGF_Beta;MYC;NOTCH;HIPPO,mut/amp/del/sv,count of retained pathways with >=1 alteration (all pathways),MDM2,30,0.0144,1.125,0.5381132883906911,0.1181,0.0017,53.0
PAAD,PW_HIT_COUNT,All_Pathway_Alteration_Count,0.0692034298894908,TP53;RTK_RAS;Cell_Cycle;Chromatin;TGF_Beta;MYC;NOTCH;HIPPO,mut/amp/del/sv,count of retained pathways with >=1 alteration (all pathways),NF2,14,0.0067,0.772,0.4203331430352981,0.259,0.0017,53.0
PAAD,PW_HIT_COUNT,All_Pathway_Alteration_Count,0.0692034298894908,TP53;RTK_RAS;Cell_Cycle;Chromatin;TGF_Beta;MYC;NOTCH;HIPPO,mut/amp/del/sv,count of retained pathways with >=1 alteration (all pathways),KIT,9,0.0043,1.44,0.43639224607349103,0.3647,0.0016,57.0
PAAD,PW_HIT_COUNT,All_Pathway_Alteration_Count,0.0692034298894908,TP53;RTK_RAS;Cell_Cycle;Chromatin;TGF_Beta;MYC;NOTCH;HIPPO,mut/amp/del/sv,count of retained pathways with >=1 alteration (all pathways),FGFR2,15,0.0072,0.81,0.43685608151631894,0.2101,0.0015,58.0
PAAD,PW_HIT_COUNT,All_Pathway_Alteration_Count,0.0692034298894908,TP53;RTK_RAS;Cell_Cycle;Chromatin;TGF_Beta;MYC;NOTCH;HIPPO,mut/amp/del/sv,count of retained pathways with >=1 alteration (all pathways),MYCL,6,0.0029,0.591,0.3703696882234776,0.5252,0.0015,58.0
PAAD,PW_HIT_COUNT,All_Pathway_Alteration_Count,0.0692034298894908,TP53;RTK_RAS;Cell_Cycle;Chromatin;TGF_Beta;MYC;NOTCH;HIPPO,mut/amp/del/sv,count of retained pathways with >=1 alteration (all pathways),MYCN,7,0.0034,1.567,0.2981633992222876,0.4493,0.0015,58.0
PAAD,PW_HIT_COUNT,All_Pathway_Alteration_Count,0.0692034298894908,TP53;RTK_RAS;Cell_Cycle;Chromatin;TGF_Beta;MYC;NOTCH;HIPPO,mut/amp/del/sv,count of retained pathways with >=1 alteration (all pathways),PTPN11,5,0.0024,1.832,0.21596982830873385,0.6051,0.0015,58.0
PAAD,PW_HIT_COUNT,All_Pathway_Alteration_Count,0.0692034298894908,TP53;RTK_RAS;Cell_Cycle;Chromatin;TGF_Beta;MYC;NOTCH;HIPPO,mut/amp/del/sv,count of retained pathways with >=1 alteration (all pathways),ASXL1,7,0.0034,1.495,0.3989811110676167,0.4019,0.0014,62.0
PAAD,PW_HIT_COUNT,All_Pathway_Alteration_Count,0.0692034298894908,TP53;RTK_RAS;Cell_Cycle;Chromatin;TGF_Beta;MYC;NOTCH;HIPPO,mut/amp/del/sv,count of retained pathways with >=1 alteration (all pathways),MAPK1,6,0.0029,1.616,0.2290407244919359,0.4797,0.0014,62.0
PAAD,PW_HIT_COUNT,All_Pathway_Alteration_Count,0.0692034298894908,TP53;RTK_RAS;Cell_Cycle;Chromatin;TGF_Beta;MYC;NOTCH;HIPPO,mut/amp/del/sv,count of retained pathways with >=1 alteration (all pathways),CBL,9,0.0043,0.744,0.428871754475588,0.2962,0.0013,64.0
PAAD,PW_HIT_COUNT,All_Pathway_Alteration_Count,0.0692034298894908,TP53;RTK_RAS;Cell_Cycle;Chromatin;TGF_Beta;MYC;NOTCH;HIPPO,mut/amp/del/sv,count of retained pathways with >=1 alteration (all pathways),FGFR3,25,0.012,0.895,0.6242767302230678,0.1108,0.0013,64.0
PAAD,PW_HIT_COUNT,All_Pathway_Alteration_Count,0.0692034298894908,TP53;RTK_RAS;Cell_Cycle;Chromatin;TGF_Beta;MYC;NOTCH;HIPPO,mut/amp/del/sv,count of retained pathways with >=1 alteration (all pathways),MGA,24,0.0115,1.119,0.6261537523017541,0.112,0.0013,64.0
PAAD,PW_HIT_COUNT,All_Pathway_Alteration_Count,0.0692034298894908,TP53;RTK_RAS;Cell_Cycle;Chromatin;TGF_Beta;MYC;NOTCH;HIPPO,mut/amp/del/sv,count of retained pathways with >=1 alteration (all pathways),NSD2,28,0.0135,0.907,0.6554172624053858,0.0978,0.0013,64.0
PAAD,PW_HIT_COUNT,All_Pathway_Alteration_Count,0.0692034298894908,TP53;RTK_RAS;Cell_Cycle;Chromatin;TGF_Beta;MYC;NOTCH;HIPPO,mut/amp/del/sv,count of retained pathways with >=1 alteration (all pathways),NTRK2,12,0.0058,0.798,0.5384092957925797,0.2257,0.0013,64.0
PAAD,PW_HIT_COUNT,All_Pathway_Alteration_Count,0.0692034298894908,TP53;RTK_RAS;Cell_Cycle;Chromatin;TGF_Beta;MYC;NOTCH;HIPPO,mut/amp/del/sv,count of retained pathways with >=1 alteration (all pathways),KDM5A,26,0.0125,0.909,0.6662420115971065,0.0951,0.0012,69.0
PAAD,PW_HIT_COUNT,All_Pathway_Alteration_Count,0.0692034298894908,TP53;RTK_RAS;Cell_Cycle;Chromatin;TGF_Beta;MYC;NOTCH;HIPPO,mut/amp/del/sv,count of retained pathways with >=1 alteration (all pathways),TET2,15,0.0072,0.846,0.5533249448220328,0.1668,0.0012,69.0
PAAD,PW_HIT_COUNT,All_Pathway_Alteration_Count,0.0692034298894908,TP53;RTK_RAS;Cell_Cycle;Chromatin;TGF_Beta;MYC;NOTCH;HIPPO,mut/amp/del/sv,count of retained pathways with >=1 alteration (all pathways),CDK4,12,0.0058,0.822,0.5709273927959932,0.1957,0.0011,71.0
PAAD,PW_HIT_COUNT,All_Pathway_Alteration_Count,0.0692034298894908,TP53;RTK_RAS;Cell_Cycle;Chromatin;TGF_Beta;MYC;NOTCH;HIPPO,mut/amp/del/sv,count of retained pathways with >=1 alteration (all pathways),NOTCH2,25,0.012,1.098,0.6678092684208925,0.0937,0.0011,71.0
PAAD,PW_HIT_COUNT,All_Pathway_Alteration_Count,0.0692034298894908,TP53;RTK_RAS;Cell_Cycle;Chromatin;TGF_Beta;MYC;NOTCH;HIPPO,mut/amp/del/sv,count of retained pathways with >=1 alteration (all pathways),TGFBR2,101,0.0486,1.023,0.8417859441706854,0.0223,0.0011,71.0
PAAD,PW_HIT_COUNT,All_Pathway_Alteration_Count,0.0692034298894908,TP53;RTK_RAS;Cell_Cycle;Chromatin;TGF_Beta;MYC;NOTCH;HIPPO,mut/amp/del/sv,count of retained pathways with >=1 alteration (all pathways),ATRX,12,0.0058,1.185,0.5925471979054112,0.1698,0.001,74.0
PAAD,PW_HIT_COUNT,All_Pathway_Alteration_Count,0.0692034298894908,TP53;RTK_RAS;Cell_Cycle;Chromatin;TGF_Beta;MYC;NOTCH;HIPPO,mut/amp/del/sv,count of retained pathways with >=1 alteration (all pathways),CHEK2,5,0.0024,0.664,0.43113480601302623,0.4095,0.001,74.0
PAAD,PW_HIT_COUNT,All_Pathway_Alteration_Count,0.0692034298894908,TP53;RTK_RAS;Cell_Cycle;Chromatin;TGF_Beta;MYC;NOTCH;HIPPO,mut/amp/del/sv,count of retained pathways with >=1 alteration (all pathways),CREBBP,21,0.0101,0.905,0.6881675334048154,0.0999,0.001,74.0
PAAD,PW_HIT_COUNT,All_Pathway_Alteration_Count,0.0692034298894908,TP53;RTK_RAS;Cell_Cycle;Chromatin;TGF_Beta;MYC;NOTCH;HIPPO,mut/amp/del/sv,count of retained pathways with >=1 alteration (all pathways),LATS1,16,0.0077,1.118,0.6741372296873211,0.1113,0.0009,77.0
PAAD,PW_HIT_COUNT,All_Pathway_Alteration_Count,0.0692034298894908,TP53;RTK_RAS;Cell_Cycle;Chromatin;TGF_Beta;MYC;NOTCH;HIPPO,mut/amp/del/sv,count of retained pathways with >=1 alteration (all pathways),MDM4,5,0.0024,1.482,0.4753068497943962,0.3935,0.0009,77.0
PAAD,PW_HIT_COUNT,All_Pathway_Alteration_Count,0.0692034298894908,TP53;RTK_RAS;Cell_Cycle;Chromatin;TGF_Beta;MYC;NOTCH;HIPPO,mut/amp/del/sv,count of retained pathways with >=1 alteration (all pathways),CDKN1B,8,0.0038,1.246,0.602893533822086,0.2198,0.0008,79.0
PAAD,PW_HIT_COUNT,All_Pathway_Alteration_Count,0.0692034298894908,TP53;RTK_RAS;Cell_Cycle;Chromatin;TGF_Beta;MYC;NOTCH;HIPPO,mut/amp/del/sv,count of retained pathways with >=1 alteration (all pathways),ERF,12,0.0058,0.869,0.668000447666039,0.1405,0.0008,79.0
PAAD,PW_HIT_COUNT,All_Pathway_Alteration_Count,0.0692034298894908,TP53;RTK_RAS;Cell_Cycle;Chromatin;TGF_Beta;MYC;NOTCH;HIPPO,mut/amp/del/sv,count of retained pathways with >=1 alteration (all pathways),MAX,5,0.0024,1.402,0.48287434015866415,0.3376,0.0008,79.0
PAAD,PW_HIT_COUNT,All_Pathway_Alteration_Count,0.0692034298894908,TP53;RTK_RAS;Cell_Cycle;Chromatin;TGF_Beta;MYC;NOTCH;HIPPO,mut/amp/del/sv,count of retained pathways with >=1 alteration (all pathways),NCOR1,23,0.0111,0.945,0.8183682721097323,0.057,0.0006,82.0
PAAD,PW_HIT_COUNT,All_Pathway_Alteration_Count,0.0692034298894908,TP53;RTK_RAS;Cell_Cycle;Chromatin;TGF_Beta;MYC;NOTCH;HIPPO,mut/amp/del/sv,count of retained pathways with >=1 alteration (all pathways),ARAF,9,0.0043,1.133,0.7460060218817166,0.1246,0.0005,83.0
PAAD,PW_HIT_COUNT,All_Pathway_Alteration_Count,0.0692034298894908,TP53;RTK_RAS;Cell_Cycle;Chromatin;TGF_Beta;MYC;NOTCH;HIPPO,mut/amp/del/sv,count of retained pathways with >=1 alteration (all pathways),DNMT3A,10,0.0048,0.892,0.7618710316520708,0.1139,0.0005,83.0
PAAD,PW_HIT_COUNT,All_Pathway_Alteration_Count,0.0692034298894908,TP53;RTK_RAS;Cell_Cycle;Chromatin;TGF_Beta;MYC;NOTCH;HIPPO,mut/amp/del/sv,count of retained pathways with >=1 alteration (all pathways),KMT2D,101,0.0486,0.989,0.9248412442025664,0.0111,0.0005,83.0
PAAD,PW_HIT_COUNT,All_Pathway_Alteration_Count,0.0692034298894908,TP53;RTK_RAS;Cell_Cycle;Chromatin;TGF_Beta;MYC;NOTCH;HIPPO,mut/amp/del/sv,count of retained pathways with >=1 alteration (all pathways),SMARCB1,11,0.0053,1.103,0.782156318464484,0.0981,0.0005,83.0
PAAD,PW_HIT_COUNT,All_Pathway_Alteration_Count,0.0692034298894908,TP53;RTK_RAS;Cell_Cycle;Chromatin;TGF_Beta;MYC;NOTCH;HIPPO,mut/amp/del/sv,count of retained pathways with >=1 alteration (all pathways),ASXL2,17,0.0082,1.045,0.8766371376333646,0.0439,0.0004,87.0
PAAD,PW_HIT_COUNT,All_Pathway_Alteration_Count,0.0692034298894908,TP53;RTK_RAS;Cell_Cycle;Chromatin;TGF_Beta;MYC;NOTCH;HIPPO,mut/amp/del/sv,count of retained pathways with >=1 alteration (all pathways),SMAD2,12,0.0058,1.072,0.8332988737397714,0.0699,0.0004,87.0
PAAD,PW_HIT_COUNT,All_Pathway_Alteration_Count,0.0692034298894908,TP53;RTK_RAS;Cell_Cycle;Chromatin;TGF_Beta;MYC;NOTCH;HIPPO,mut/amp/del/sv,count of retained pathways with >=1 alteration (all pathways),TGFBR1,54,0.026,0.984,0.9102658041311101,0.0164,0.0004,87.0
PAAD,PW_HIT_COUNT,All_Pathway_Alteration_Count,0.0692034298894908,TP53;RTK_RAS;Cell_Cycle;Chromatin;TGF_Beta;MYC;NOTCH;HIPPO,mut/amp/del/sv,count of retained pathways with >=1 alteration (all pathways),ALK,22,0.0106,0.977,0.9186884436359364,0.0234,0.0002,90.0
PAAD,PW_HIT_COUNT,All_Pathway_Alteration_Count,0.0692034298894908,TP53;RTK_RAS;Cell_Cycle;Chromatin;TGF_Beta;MYC;NOTCH;HIPPO,mut/amp/del/sv,count of retained pathways with >=1 alteration (all pathways),JAK2,17,0.0082,1.027,0.9185066163788956,0.0268,0.0002,90.0
PAAD,PW_HIT_COUNT,All_Pathway_Alteration_Count,0.0692034298894908,TP53;RTK_RAS;Cell_Cycle;Chromatin;TGF_Beta;MYC;NOTCH;HIPPO,mut/amp/del/sv,count of retained pathways with >=1 alteration (all pathways),MET,15,0.0072,0.974,0.9240676651675243,0.026,0.0002,90.0
PAAD,PW_HIT_COUNT,All_Pathway_Alteration_Count,0.0692034298894908,TP53;RTK_RAS;Cell_Cycle;Chromatin;TGF_Beta;MYC;NOTCH;HIPPO,mut/amp/del/sv,count of retained pathways with >=1 alteration (all pathways),RASA1,9,0.0043,1.058,0.8829169820096988,0.0565,0.0002,90.0
PAAD,PW_HIT_COUNT,All_Pathway_Alteration_Count,0.0692034298894908,TP53;RTK_RAS;Cell_Cycle;Chromatin;TGF_Beta;MYC;NOTCH;HIPPO,mut/amp/del/sv,count of retained pathways with >=1 alteration (all pathways),FLT3,13,0.0063,1.011,0.9740181186856135,0.0107,0.0001,94.0
PAAD,PW_HIT_COUNT,All_Pathway_Alteration_Count,0.0692034298894908,TP53;RTK_RAS;Cell_Cycle;Chromatin;TGF_Beta;MYC;NOTCH;HIPPO,mut/amp/del/sv,count of retained pathways with >=1 alteration (all pathways),NOTCH4,18,0.0087,0.99,0.9716476161295656,0.0096,0.0001,94.0
PAAD,PW_HIT_COUNT,All_Pathway_Alteration_Count,0.0692034298894908,TP53;RTK_RAS;Cell_Cycle;Chromatin;TGF_Beta;MYC;NOTCH;HIPPO,mut/amp/del/sv,count of retained pathways with >=1 alteration (all pathways),NTRK1,20,0.0096,0.988,0.9604285587404485,0.0121,0.0001,94.0
PAAD,PW_HIT_COUNT,All_Pathway_Alteration_Count,0.0692034298894908,TP53;RTK_RAS;Cell_Cycle;Chromatin;TGF_Beta;MYC;NOTCH;HIPPO,mut/amp/del/sv,count of retained pathways with >=1 alteration (all pathways),PDGFRB,9,0.0043,1.022,0.9522278228081003,0.0214,0.0001,94.0
PAAD,PW_HIT_COUNT,All_Pathway_Alteration_Count,0.0692034298894908,TP53;RTK_RAS;Cell_Cycle;Chromatin;TGF_Beta;MYC;NOTCH;HIPPO,mut/amp/del/sv,count of retained pathways with >=1 alteration (all pathways),RAF1,8,0.0038,0.979,0.955106341646313,0.0216,0.0001,94.0
PAAD,PW_HIT_COUNT,All_Pathway_Alteration_Count,0.0692034298894908,TP53;RTK_RAS;Cell_Cycle;Chromatin;TGF_Beta;MYC;NOTCH;HIPPO,mut/amp/del/sv,count of retained pathways with >=1 alteration (all pathways),BAP1,14,0.0067,0.996,0.9894861617685853,0.0036,0.0,99.0
PAAD,PW_HIT_COUNT,All_Pathway_Alteration_Count,0.0692034298894908,TP53;RTK_RAS;Cell_Cycle;Chromatin;TGF_Beta;MYC;NOTCH;HIPPO,mut/amp/del/sv,count of retained pathways with >=1 alteration (all pathways),CDKN1A,7,0.0034,0.986,0.9758787454542723,0.014,0.0,99.0
PAAD,PW_HIT_COUNT,All_Pathway_Alteration_Count,0.0692034298894908,TP53;RTK_RAS;Cell_Cycle;Chromatin;TGF_Beta;MYC;NOTCH;HIPPO,mut/amp/del/sv,count of retained pathways with >=1 alteration (all pathways),EP300,38,0.0183,1.0,0.9991205257761127,0.0002,0.0,99.0
PAAD,PW_HIT_COUNT,All_Pathway_Alteration_Count,0.0692034298894908,TP53;RTK_RAS;Cell_Cycle;Chromatin;TGF_Beta;MYC;NOTCH;HIPPO,mut/amp/del/sv,count of retained pathways with >=1 alteration (all pathways),PDGFRA,7,0.0034,1.003,0.993164532832026,0.0033,0.0,99.0
PAAD,PW_HIT_COUNT,All_Pathway_Alteration_Count,0.0692034298894908,TP53;RTK_RAS;Cell_Cycle;Chromatin;TGF_Beta;MYC;NOTCH;HIPPO,mut/amp/del/sv,count of retained pathways with >=1 alteration (all pathways),RET,20,0.0096,1.001,0.9952521989980105,0.0015,0.0,99.0
PAAD,PW_HIT_COUNT,All_Pathway_Alteration_Count,0.0692034298894908,TP53;RTK_RAS;Cell_Cycle;Chromatin;TGF_Beta;MYC;NOTCH;HIPPO,mut/amp/del/sv,count of retained pathways with >=1 alteration (all pathways),SOS1,8,0.0038,1.006,0.989068811455259,0.0057,0.0,99.0
PAAD,PW_HIT_COUNT,All_Pathway_Alteration_Count,0.0692034298894908,TP53;RTK_RAS;Cell_Cycle;Chromatin;TGF_Beta;MYC;NOTCH;HIPPO,mut/amp/del/sv,count of retained pathways with >=1 alteration (all pathways),DNER,1,0.0005,,,,,
PAAD,PW_HIT_COUNT,All_Pathway_Alteration_Count,0.0692034298894908,TP53;RTK_RAS;Cell_Cycle;Chromatin;TGF_Beta;MYC;NOTCH;HIPPO,mut/amp/del/sv,count of retained pathways with >=1 alteration (all pathways),E2F3,4,0.0019,,,,,
PAAD,PW_HIT_COUNT,All_Pathway_Alteration_Count,0.0692034298894908,TP53;RTK_RAS;Cell_Cycle;Chromatin;TGF_Beta;MYC;NOTCH;HIPPO,mut/amp/del/sv,count of retained pathways with >=1 alteration (all pathways),EED,4,0.0019,,,,,
PAAD,PW_HIT_COUNT,All_Pathway_Alteration_Count,0.0692034298894908,TP53;RTK_RAS;Cell_Cycle;Chromatin;TGF_Beta;MYC;NOTCH;HIPPO,mut/amp/del/sv,count of retained pathways with >=1 alteration (all pathways),MAP2K1,4,0.0019,,,,,
PAAD,PW_HIT_COUNT,All_Pathway_Alteration_Count,0.0692034298894908,TP53;RTK_RAS;Cell_Cycle;Chromatin;TGF_Beta;MYC;NOTCH;HIPPO,mut/amp/del/sv,count of retained pathways with >=1 alteration (all pathways),MAP2K2,4,0.0019,,,,,
PAAD,PW_HIT_COUNT,All_Pathway_Alteration_Count,0.0692034298894908,TP53;RTK_RAS;Cell_Cycle;Chromatin;TGF_Beta;MYC;NOTCH;HIPPO,mut/amp/del/sv,count of retained pathways with >=1 alteration (all pathways),RAC1,2,0.001,,,,,
PAAD,PW_HIT_COUNT,All_Pathway_Alteration_Count,0.0692034298894908,TP53;RTK_RAS;Cell_Cycle;Chromatin;TGF_Beta;MYC;NOTCH;HIPPO,mut/amp/del/sv,count of retained pathways with >=1 alteration (all pathways),SMARCD1,2,0.001,,,,,
PAAD,PW_HIT_COUNT,All_Pathway_Alteration_Count,0.0692034298894908,TP53;RTK_RAS;Cell_Cycle;Chromatin;TGF_Beta;MYC;NOTCH;HIPPO,mut/amp/del/sv,count of retained pathways with >=1 alteration (all pathways),SMARCE1,4,0.0019,,,,,
PAAD,PW_HIT_COUNT,All_Pathway_Alteration_Count,0.0692034298894908,TP53;RTK_RAS;Cell_Cycle;Chromatin;TGF_Beta;MYC;NOTCH;HIPPO,mut/amp/del/sv,count of retained pathways with >=1 alteration (all pathways),WWTR1,3,0.0014,,,,,
PAAD,PW_HIT_COUNT,All_Pathway_Alteration_Count,0.0692034298894908,TP53;RTK_RAS;Cell_Cycle;Chromatin;TGF_Beta;MYC;NOTCH;HIPPO,mut/amp/del/sv,count of retained pathways with >=1 alteration (all pathways),YAP1,3,0.0014,,,,,
PAAD,PW_MYC_any_rate_z,MYC_any_rate,0.0602909699661271,MYC,mut/amp/del,fraction of pathway genes with mut/amp/del (z-scored),MYC,97,0.0466,1.562,6.485427623833541e-05,0.4461,0.0208,1.0
PAAD,PW_MYC_any_rate_z,MYC_any_rate,0.0602909699661271,MYC,mut/amp/del,fraction of pathway genes with mut/amp/del (z-scored),MYCL,6,0.0029,0.591,0.3703696882234776,0.5252,0.0015,2.0
PAAD,PW_MYC_any_rate_z,MYC_any_rate,0.0602909699661271,MYC,mut/amp/del,fraction of pathway genes with mut/amp/del (z-scored),MYCN,7,0.0034,1.567,0.2981633992222876,0.4493,0.0015,2.0
PAAD,PW_MYC_any_rate_z,MYC_any_rate,0.0602909699661271,MYC,mut/amp/del,fraction of pathway genes with mut/amp/del (z-scored),MGA,24,0.0115,1.119,0.6261537523017541,0.112,0.0013,4.0
PAAD,PW_MYC_any_rate_z,MYC_any_rate,0.0602909699661271,MYC,mut/amp/del,fraction of pathway genes with mut/amp/del (z-scored),MAX,5,0.0024,1.402,0.48287434015866415,0.3376,0.0008,5.0
PAAD,PW_RTK_RAS_amp_hit,RTK_RAS_amp_hit,0.2549434141016316,RTK_RAS,amp,binary: any pathway gene amplified (CNA>=+2),KRAS,38,0.0183,2.008,5.6039817907315426e-05,0.697,0.0127,1.0
PAAD,PW_RTK_RAS_amp_hit,RTK_RAS_amp_hit,0.2549434141016316,RTK_RAS,amp,binary: any pathway gene amplified (CNA>=+2),FGFR1,38,0.0183,1.46,0.035908062407510696,0.3782,0.0069,2.0
PAAD,PW_RTK_RAS_amp_hit,RTK_RAS_amp_hit,0.2549434141016316,RTK_RAS,amp,binary: any pathway gene amplified (CNA>=+2),RIT1,7,0.0034,1.936,0.07628313265101766,0.6605,0.0022,3.0
PAAD,PW_RTK_RAS_amp_hit,RTK_RAS_amp_hit,0.2549434141016316,RTK_RAS,amp,binary: any pathway gene amplified (CNA>=+2),FGFR4,5,0.0024,0.628,0.44290903452637387,0.4646,0.0011,4.0
PAAD,PW_RTK_RAS_amp_hit,RTK_RAS_amp_hit,0.2549434141016316,RTK_RAS,amp,binary: any pathway gene amplified (CNA>=+2),FGFR3,18,0.0087,1.087,0.7421384349517676,0.0836,0.0007,5.0
PAAD,PW_RTK_RAS_amp_hit,RTK_RAS_amp_hit,0.2549434141016316,RTK_RAS,amp,binary: any pathway gene amplified (CNA>=+2),ERBB3,13,0.0063,1.072,0.8248783584565426,0.0695,0.0004,6.0
PAAD,PW_RTK_RAS_amp_hit,RTK_RAS_amp_hit,0.2549434141016316,RTK_RAS,amp,binary: any pathway gene amplified (CNA>=+2),ERBB2,19,0.0091,0.979,0.9360520582356185,0.0209,0.0002,7.0
PAAD,PW_RTK_RAS_amp_hit,RTK_RAS_amp_hit,0.2549434141016316,RTK_RAS,amp,binary: any pathway gene amplified (CNA>=+2),ARAF,1,0.0005,,,,,
PAAD,PW_RTK_RAS_amp_hit,RTK_RAS_amp_hit,0.2549434141016316,RTK_RAS,amp,binary: any pathway gene amplified (CNA>=+2),BRAF,1,0.0005,,,,,
PAAD,PW_RTK_RAS_amp_hit,RTK_RAS_amp_hit,0.2549434141016316,RTK_RAS,amp,binary: any pathway gene amplified (CNA>=+2),CBL,1,0.0005,,,,,
PAAD,PW_RTK_RAS_amp_hit,RTK_RAS_amp_hit,0.2549434141016316,RTK_RAS,amp,binary: any pathway gene amplified (CNA>=+2),EGFR,4,0.0019,,,,,
PAAD,PW_RTK_RAS_amp_hit,RTK_RAS_amp_hit,0.2549434141016316,RTK_RAS,amp,binary: any pathway gene amplified (CNA>=+2),ERBB4,1,0.0005,,,,,
PAAD,PW_RTK_RAS_amp_hit,RTK_RAS_amp_hit,0.2549434141016316,RTK_RAS,amp,binary: any pathway gene amplified (CNA>=+2),ERF,4,0.0019,,,,,
PAAD,PW_RTK_RAS_amp_hit,RTK_RAS_amp_hit,0.2549434141016316,RTK_RAS,amp,binary: any pathway gene amplified (CNA>=+2),ERRFI1,2,0.001,,,,,
PAAD,PW_RTK_RAS_amp_hit,RTK_RAS_amp_hit,0.2549434141016316,RTK_RAS,amp,binary: any pathway gene amplified (CNA>=+2),FGFR2,3,0.0014,,,,,
PAAD,PW_RTK_RAS_amp_hit,RTK_RAS_amp_hit,0.2549434141016316,RTK_RAS,amp,binary: any pathway gene amplified (CNA>=+2),FLT3,4,0.0019,,,,,
PAAD,PW_RTK_RAS_amp_hit,RTK_RAS_amp_hit,0.2549434141016316,RTK_RAS,amp,binary: any pathway gene amplified (CNA>=+2),IGF1R,4,0.0019,,,,,
PAAD,PW_RTK_RAS_amp_hit,RTK_RAS_amp_hit,0.2549434141016316,RTK_RAS,amp,binary: any pathway gene amplified (CNA>=+2),IRS2,1,0.0005,,,,,
PAAD,PW_RTK_RAS_amp_hit,RTK_RAS_amp_hit,0.2549434141016316,RTK_RAS,amp,binary: any pathway gene amplified (CNA>=+2),MAPK1,4,0.0019,,,,,
PAAD,PW_RTK_RAS_amp_hit,RTK_RAS_amp_hit,0.2549434141016316,RTK_RAS,amp,binary: any pathway gene amplified (CNA>=+2),MET,4,0.0019,,,,,
PAAD,PW_RTK_RAS_amp_hit,RTK_RAS_amp_hit,0.2549434141016316,RTK_RAS,amp,binary: any pathway gene amplified (CNA>=+2),NF1,1,0.0005,,,,,
PAAD,PW_RTK_RAS_amp_hit,RTK_RAS_amp_hit,0.2549434141016316,RTK_RAS,amp,binary: any pathway gene amplified (CNA>=+2),NRAS,2,0.001,,,,,
PAAD,PW_RTK_RAS_amp_hit,RTK_RAS_amp_hit,0.2549434141016316,RTK_RAS,amp,binary: any pathway gene amplified (CNA>=+2),NTRK1,4,0.0019,,,,,
PAAD,PW_RTK_RAS_amp_hit,RTK_RAS_amp_hit,0.2549434141016316,RTK_RAS,amp,binary: any pathway gene amplified (CNA>=+2),NTRK2,1,0.0005,,,,,
PAAD,PW_RTK_RAS_amp_hit,RTK_RAS_amp_hit,0.2549434141016316,RTK_RAS,amp,binary: any pathway gene amplified (CNA>=+2),PDGFRB,3,0.0014,,,,,
PAAD,PW_RTK_RAS_amp_hit,RTK_RAS_amp_hit,0.2549434141016316,RTK_RAS,amp,binary: any pathway gene amplified (CNA>=+2),PTPN11,1,0.0005,,,,,
PAAD,PW_RTK_RAS_amp_hit,RTK_RAS_amp_hit,0.2549434141016316,RTK_RAS,amp,binary: any pathway gene amplified (CNA>=+2),RAC1,1,0.0005,,,,,
PAAD,PW_RTK_RAS_amp_hit,RTK_RAS_amp_hit,0.2549434141016316,RTK_RAS,amp,binary: any pathway gene amplified (CNA>=+2),RAF1,1,0.0005,,,,,
PAAD,PW_RTK_RAS_amp_hit,RTK_RAS_amp_hit,0.2549434141016316,RTK_RAS,amp,binary: any pathway gene amplified (CNA>=+2),RET,1,0.0005,,,,,
PAAD,PW_TGF_Beta_any_rate_z,TGF_Beta_any_rate,-0.0209569850103073,TGF_Beta,mut/amp/del,fraction of pathway genes with mut/amp/del (z-scored),SMAD4,556,0.2673,1.069,0.22131634939657924,0.0668,0.0178,1.0
PAAD,PW_TGF_Beta_any_rate_z,TGF_Beta_any_rate,-0.0209569850103073,TGF_Beta,mut/amp/del,fraction of pathway genes with mut/amp/del (z-scored),SMAD3,40,0.0192,0.777,0.17141643411684104,0.252,0.0048,2.0
PAAD,PW_TGF_Beta_any_rate_z,TGF_Beta_any_rate,-0.0209569850103073,TGF_Beta,mut/amp/del,fraction of pathway genes with mut/amp/del (z-scored),SMAD2,12,0.0058,1.072,0.8332988737397714,0.0699,0.0004,3.0
PAAD,PW_TGF_Beta_any_rate_z,TGF_Beta_any_rate,-0.0209569850103073,TGF_Beta,mut/amp/del,fraction of pathway genes with mut/amp/del (z-scored),TGFBR1,52,0.025,0.989,0.9413906875661828,0.0108,0.0003,4.0
PAAD,PW_TGF_Beta_any_rate_z,TGF_Beta_any_rate,-0.0209569850103073,TGF_Beta,mut/amp/del,fraction of pathway genes with mut/amp/del (z-scored),TGFBR2,99,0.0476,1.005,0.9623016247628576,0.0054,0.0003,4.0
PAAD,PW_TP53_mut_rate_z,TP53_mut_rate,0.0547869486251455,TP53,mut,nonsilent-mutation rate over pathway genes (z-scored),TP53,1578,0.7587,1.265,3.569454700727006e-05,0.235,0.1783,1.0
PAAD,PW_TP53_mut_rate_z,TP53_mut_rate,0.0547869486251455,TP53,mut,nonsilent-mutation rate over pathway genes (z-scored),ATM,66,0.0317,0.897,0.43760939893230355,0.109,0.0035,2.0
PAAD,PW_TP53_mut_rate_z,TP53_mut_rate,0.0547869486251455,TP53,mut,nonsilent-mutation rate over pathway genes (z-scored),MDM2,6,0.0029,1.275,0.5709952470094944,0.2431,0.0007,3.0
PAAD,PW_TP53_mut_rate_z,TP53_mut_rate,0.0547869486251455,TP53,mut,nonsilent-mutation rate over pathway genes (z-scored),CHEK2,4,0.0019,,,,,
PAAD,PW_TP53_mut_rate_z,TP53_mut_rate,0.0547869486251455,TP53,mut,nonsilent-mutation rate over pathway genes (z-scored),MDM4,3,0.0014,,,,,
PRAD,PW_Cell_Cycle_zsum,Cell_Cycle_zsum,0.0369475139329462,Cell_Cycle,mut/amp/del/sv,composite: z(amp)+z(del)+z(sv)+mut_rate_z over pathway genes,RB1,115,0.0485,2.209,1.360036893432422e-10,0.7927,0.0384,1.0
PRAD,PW_Cell_Cycle_zsum,Cell_Cycle_zsum,0.0369475139329462,Cell_Cycle,mut/amp/del/sv,composite: z(amp)+z(del)+z(sv)+mut_rate_z over pathway genes,CCND1,61,0.0257,1.779,0.0010244598254837414,0.5759,0.0148,2.0
PRAD,PW_Cell_Cycle_zsum,Cell_Cycle_zsum,0.0369475139329462,Cell_Cycle,mut/amp/del/sv,composite: z(amp)+z(del)+z(sv)+mut_rate_z over pathway genes,CDKN1B,117,0.0493,1.29,0.059793998633627166,0.2548,0.0126,3.0
PRAD,PW_Cell_Cycle_zsum,Cell_Cycle_zsum,0.0369475139329462,Cell_Cycle,mut/amp/del/sv,composite: z(amp)+z(del)+z(sv)+mut_rate_z over pathway genes,CDKN2A,49,0.0207,1.545,0.026311178149940898,0.4349,0.009,4.0
PRAD,PW_Cell_Cycle_zsum,Cell_Cycle_zsum,0.0369475139329462,Cell_Cycle,mut/amp/del/sv,composite: z(amp)+z(del)+z(sv)+mut_rate_z over pathway genes,CCNE1,20,0.0084,2.268,0.006066273836263401,0.8191,0.0069,5.0
PRAD,PW_Cell_Cycle_zsum,Cell_Cycle_zsum,0.0369475139329462,Cell_Cycle,mut/amp/del/sv,composite: z(amp)+z(del)+z(sv)+mut_rate_z over pathway genes,CDKN2B,39,0.0164,1.366,0.17074645763632285,0.3117,0.0051,6.0
PRAD,PW_Cell_Cycle_zsum,Cell_Cycle_zsum,0.0369475139329462,Cell_Cycle,mut/amp/del/sv,composite: z(amp)+z(del)+z(sv)+mut_rate_z over pathway genes,CDKN2C,8,0.0034,3.136,0.0028151074568675888,1.143,0.0039,7.0
PRAD,PW_Cell_Cycle_zsum,Cell_Cycle_zsum,0.0369475139329462,Cell_Cycle,mut/amp/del/sv,composite: z(amp)+z(del)+z(sv)+mut_rate_z over pathway genes,CCND2,10,0.0042,2.277,0.06201313943862664,0.8227,0.0035,8.0
PRAD,PW_Cell_Cycle_zsum,Cell_Cycle_zsum,0.0369475139329462,Cell_Cycle,mut/amp/del/sv,composite: z(amp)+z(del)+z(sv)+mut_rate_z over pathway genes,CDK6,14,0.0059,1.8,0.10716650164562601,0.5876,0.0035,8.0
PRAD,PW_Cell_Cycle_zsum,Cell_Cycle_zsum,0.0369475139329462,Cell_Cycle,mut/amp/del/sv,composite: z(amp)+z(del)+z(sv)+mut_rate_z over pathway genes,CCND3,7,0.003,1.988,0.15913356205792306,0.6872,0.002,10.0
PRAD,PW_Cell_Cycle_zsum,Cell_Cycle_zsum,0.0369475139329462,Cell_Cycle,mut/amp/del/sv,composite: z(amp)+z(del)+z(sv)+mut_rate_z over pathway genes,CDKN1A,6,0.0025,2.097,0.13195255738758085,0.7407,0.0019,11.0
PRAD,PW_Cell_Cycle_zsum,Cell_Cycle_zsum,0.0369475139329462,Cell_Cycle,mut/amp/del/sv,composite: z(amp)+z(del)+z(sv)+mut_rate_z over pathway genes,CDK4,15,0.0063,1.248,0.5276093985181773,0.2219,0.0014,12.0
PRAD,PW_Cell_Cycle_zsum,Cell_Cycle_zsum,0.0369475139329462,Cell_Cycle,mut/amp/del/sv,composite: z(amp)+z(del)+z(sv)+mut_rate_z over pathway genes,E2F3,9,0.0038,1.343,0.526867038702332,0.2946,0.0011,13.0
PRAD,PW_Chromatin_sv_hit,Chromatin_sv_hit,0.353490516829342,Chromatin,sv,binary: any pathway gene with a structural variant,KDM6A,6,0.0025,2.921,0.033409079464051326,1.0718,0.0027,1.0
PRAD,PW_Chromatin_sv_hit,Chromatin_sv_hit,0.353490516829342,Chromatin,sv,binary: any pathway gene with a structural variant,KMT2D,10,0.0042,1.462,0.3689280919835969,0.3801,0.0016,2.0
PRAD,PW_Chromatin_sv_hit,Chromatin_sv_hit,0.353490516829342,Chromatin,sv,binary: any pathway gene with a structural variant,KMT2C,12,0.0051,1.308,0.4828500317705746,0.2685,0.0014,3.0
PRAD,PW_Chromatin_sv_hit,Chromatin_sv_hit,0.353490516829342,Chromatin,sv,binary: any pathway gene with a structural variant,SETD2,5,0.0021,1.727,0.4154444732685372,0.5465,0.0012,4.0
PRAD,PW_Chromatin_sv_hit,Chromatin_sv_hit,0.353490516829342,Chromatin,sv,binary: any pathway gene with a structural variant,ARID1A,4,0.0017,,,,,
PRAD,PW_Chromatin_sv_hit,Chromatin_sv_hit,0.353490516829342,Chromatin,sv,binary: any pathway gene with a structural variant,ARID1B,1,0.0004,,,,,
PRAD,PW_Chromatin_sv_hit,Chromatin_sv_hit,0.353490516829342,Chromatin,sv,binary: any pathway gene with a structural variant,ARID2,3,0.0013,,,,,
PRAD,PW_Chromatin_sv_hit,Chromatin_sv_hit,0.353490516829342,Chromatin,sv,binary: any pathway gene with a structural variant,ASXL1,3,0.0013,,,,,
PRAD,PW_Chromatin_sv_hit,Chromatin_sv_hit,0.353490516829342,Chromatin,sv,binary: any pathway gene with a structural variant,ASXL2,4,0.0017,,,,,
PRAD,PW_Chromatin_sv_hit,Chromatin_sv_hit,0.353490516829342,Chromatin,sv,binary: any pathway gene with a structural variant,BAP1,1,0.0004,,,,,
PRAD,PW_Chromatin_sv_hit,Chromatin_sv_hit,0.353490516829342,Chromatin,sv,binary: any pathway gene with a structural variant,BCOR,1,0.0004,,,,,
PRAD,PW_Chromatin_sv_hit,Chromatin_sv_hit,0.353490516829342,Chromatin,sv,binary: any pathway gene with a structural variant,CREBBP,2,0.0008,,,,,
PRAD,PW_Chromatin_sv_hit,Chromatin_sv_hit,0.353490516829342,Chromatin,sv,binary: any pathway gene with a structural variant,DNMT3A,1,0.0004,,,,,
PRAD,PW_Chromatin_sv_hit,Chromatin_sv_hit,0.353490516829342,Chromatin,sv,binary: any pathway gene with a structural variant,EP300,2,0.0008,,,,,
PRAD,PW_Chromatin_sv_hit,Chromatin_sv_hit,0.353490516829342,Chromatin,sv,binary: any pathway gene with a structural variant,EZH2,2,0.0008,,,,,
PRAD,PW_Chromatin_sv_hit,Chromatin_sv_hit,0.353490516829342,Chromatin,sv,binary: any pathway gene with a structural variant,IDH1,1,0.0004,,,,,
PRAD,PW_Chromatin_sv_hit,Chromatin_sv_hit,0.353490516829342,Chromatin,sv,binary: any pathway gene with a structural variant,KDM5C,2,0.0008,,,,,
PRAD,PW_Chromatin_sv_hit,Chromatin_sv_hit,0.353490516829342,Chromatin,sv,binary: any pathway gene with a structural variant,KMT2A,1,0.0004,,,,,
PRAD,PW_Chromatin_sv_hit,Chromatin_sv_hit,0.353490516829342,Chromatin,sv,binary: any pathway gene with a structural variant,NCOR1,3,0.0013,,,,,
PRAD,PW_Chromatin_sv_hit,Chromatin_sv_hit,0.353490516829342,Chromatin,sv,binary: any pathway gene with a structural variant,NSD1,2,0.0008,,,,,
PRAD,PW_Chromatin_sv_hit,Chromatin_sv_hit,0.353490516829342,Chromatin,sv,binary: any pathway gene with a structural variant,PBRM1,4,0.0017,,,,,
PRAD,PW_Chromatin_sv_hit,Chromatin_sv_hit,0.353490516829342,Chromatin,sv,binary: any pathway gene with a structural variant,SMARCA4,1,0.0004,,,,,
PRAD,PW_Chromatin_sv_hit,Chromatin_sv_hit,0.353490516829342,Chromatin,sv,binary: any pathway gene with a structural variant,SMARCC1,1,0.0004,,,,,
PRAD,PW_Chromatin_sv_hit,Chromatin_sv_hit,0.353490516829342,Chromatin,sv,binary: any pathway gene with a structural variant,SMARCD1,1,0.0004,,,,,
PRAD,PW_Chromatin_sv_hit,Chromatin_sv_hit,0.353490516829342,Chromatin,sv,binary: any pathway gene with a structural variant,TET1,3,0.0013,,,,,
PRAD,PW_Chromatin_sv_hit,Chromatin_sv_hit,0.353490516829342,Chromatin,sv,binary: any pathway gene with a structural variant,TET2,2,0.0008,,,,,
PRAD,PW_HIT_COUNT,All_Pathway_Alteration_Count,0.170726413463327,TP53;PI3K;Cell_Cycle;Chromatin;DDR;WNT,mut/amp/del/sv,count of retained pathways with >=1 alteration (all pathways),TP53,715,0.3014,2.019,2.6051319504085763e-27,0.7028,0.2118,1.0
PRAD,PW_HIT_COUNT,All_Pathway_Alteration_Count,0.170726413463327,TP53;PI3K;Cell_Cycle;Chromatin;DDR;WNT,mut/amp/del/sv,count of retained pathways with >=1 alteration (all pathways),PTEN,420,0.1771,1.416,5.9560608401119674e-06,0.3481,0.0616,2.0
PRAD,PW_HIT_COUNT,All_Pathway_Alteration_Count,0.170726413463327,TP53;PI3K;Cell_Cycle;Chromatin;DDR;WNT,mut/amp/del/sv,count of retained pathways with >=1 alteration (all pathways),RB1,115,0.0485,2.209,1.360036893432422e-10,0.7927,0.0384,3.0
PRAD,PW_HIT_COUNT,All_Pathway_Alteration_Count,0.170726413463327,TP53;PI3K;Cell_Cycle;Chromatin;DDR;WNT,mut/amp/del/sv,count of retained pathways with >=1 alteration (all pathways),RECQL4,98,0.0413,2.031,2.0837454133617064e-07,0.7087,0.0293,4.0
PRAD,PW_HIT_COUNT,All_Pathway_Alteration_Count,0.170726413463327,TP53;PI3K;Cell_Cycle;Chromatin;DDR;WNT,mut/amp/del/sv,count of retained pathways with >=1 alteration (all pathways),NBN,87,0.0367,2.082,5.067648318613552e-07,0.7335,0.0269,5.0
PRAD,PW_HIT_COUNT,All_Pathway_Alteration_Count,0.170726413463327,TP53;PI3K;Cell_Cycle;Chromatin;DDR;WNT,mut/amp/del/sv,count of retained pathways with >=1 alteration (all pathways),AMER1,61,0.0257,2.72,3.6363801442205174e-10,1.0005,0.0257,6.0
PRAD,PW_HIT_COUNT,All_Pathway_Alteration_Count,0.170726413463327,TP53;PI3K;Cell_Cycle;Chromatin;DDR;WNT,mut/amp/del/sv,count of retained pathways with >=1 alteration (all pathways),APC,178,0.075,1.362,0.005427686016118618,0.3091,0.0232,7.0
PRAD,PW_HIT_COUNT,All_Pathway_Alteration_Count,0.170726413463327,TP53;PI3K;Cell_Cycle;Chromatin;DDR;WNT,mut/amp/del/sv,count of retained pathways with >=1 alteration (all pathways),BRCA2,132,0.0556,1.436,0.002950089922612055,0.3621,0.0202,8.0
PRAD,PW_HIT_COUNT,All_Pathway_Alteration_Count,0.170726413463327,TP53;PI3K;Cell_Cycle;Chromatin;DDR;WNT,mut/amp/del/sv,count of retained pathways with >=1 alteration (all pathways),KMT2D,181,0.0763,1.293,0.01960314380882075,0.2567,0.0196,9.0
PRAD,PW_HIT_COUNT,All_Pathway_Alteration_Count,0.170726413463327,TP53;PI3K;Cell_Cycle;Chromatin;DDR;WNT,mut/amp/del/sv,count of retained pathways with >=1 alteration (all pathways),PIK3R1,84,0.0354,1.561,0.0032558145642898172,0.4451,0.0158,10.0
PRAD,PW_HIT_COUNT,All_Pathway_Alteration_Count,0.170726413463327,TP53;PI3K;Cell_Cycle;Chromatin;DDR;WNT,mut/amp/del/sv,count of retained pathways with >=1 alteration (all pathways),CCND1,61,0.0257,1.779,0.0010244598254837414,0.5759,0.0148,11.0
PRAD,PW_HIT_COUNT,All_Pathway_Alteration_Count,0.170726413463327,TP53;PI3K;Cell_Cycle;Chromatin;DDR;WNT,mut/amp/del/sv,count of retained pathways with >=1 alteration (all pathways),PIK3CB,47,0.0198,2.091,0.000146356312668246,0.7376,0.0146,12.0
PRAD,PW_HIT_COUNT,All_Pathway_Alteration_Count,0.170726413463327,TP53;PI3K;Cell_Cycle;Chromatin;DDR;WNT,mut/amp/del/sv,count of retained pathways with >=1 alteration (all pathways),CDKN1B,117,0.0493,1.29,0.059793998633627166,0.2548,0.0126,13.0
PRAD,PW_HIT_COUNT,All_Pathway_Alteration_Count,0.170726413463327,TP53;PI3K;Cell_Cycle;Chromatin;DDR;WNT,mut/amp/del/sv,count of retained pathways with >=1 alteration (all pathways),TET1,51,0.0215,1.595,0.013560749182171873,0.4672,0.01,14.0
PRAD,PW_HIT_COUNT,All_Pathway_Alteration_Count,0.170726413463327,TP53;PI3K;Cell_Cycle;Chromatin;DDR;WNT,mut/amp/del/sv,count of retained pathways with >=1 alteration (all pathways),PIK3CA,125,0.0527,1.195,0.17920543641917513,0.1782,0.0094,15.0
PRAD,PW_HIT_COUNT,All_Pathway_Alteration_Count,0.170726413463327,TP53;PI3K;Cell_Cycle;Chromatin;DDR;WNT,mut/amp/del/sv,count of retained pathways with >=1 alteration (all pathways),BRIP1,27,0.0114,2.274,0.0009469790601505739,0.8213,0.0093,16.0
PRAD,PW_HIT_COUNT,All_Pathway_Alteration_Count,0.170726413463327,TP53;PI3K;Cell_Cycle;Chromatin;DDR;WNT,mut/amp/del/sv,count of retained pathways with >=1 alteration (all pathways),FANCA,64,0.027,1.412,0.05396886539407517,0.3449,0.0093,16.0
PRAD,PW_HIT_COUNT,All_Pathway_Alteration_Count,0.170726413463327,TP53;PI3K;Cell_Cycle;Chromatin;DDR;WNT,mut/amp/del/sv,count of retained pathways with >=1 alteration (all pathways),CDKN2A,49,0.0207,1.545,0.026311178149940898,0.4349,0.009,18.0
PRAD,PW_HIT_COUNT,All_Pathway_Alteration_Count,0.170726413463327,TP53;PI3K;Cell_Cycle;Chromatin;DDR;WNT,mut/amp/del/sv,count of retained pathways with >=1 alteration (all pathways),AKT1,49,0.0207,1.54,0.0337269409404688,0.4316,0.0089,19.0
PRAD,PW_HIT_COUNT,All_Pathway_Alteration_Count,0.170726413463327,TP53;PI3K;Cell_Cycle;Chromatin;DDR;WNT,mut/amp/del/sv,count of retained pathways with >=1 alteration (all pathways),ERCC3,26,0.011,2.051,0.00469920238054558,0.7185,0.0079,20.0
PRAD,PW_HIT_COUNT,All_Pathway_Alteration_Count,0.170726413463327,TP53;PI3K;Cell_Cycle;Chromatin;DDR;WNT,mut/amp/del/sv,count of retained pathways with >=1 alteration (all pathways),KDM5C,36,0.0152,1.688,0.018279168777802866,0.5238,0.0079,20.0
PRAD,PW_HIT_COUNT,All_Pathway_Alteration_Count,0.170726413463327,TP53;PI3K;Cell_Cycle;Chromatin;DDR;WNT,mut/amp/del/sv,count of retained pathways with >=1 alteration (all pathways),KMT2C,161,0.0679,1.123,0.33012708248977934,0.1159,0.0079,20.0
PRAD,PW_HIT_COUNT,All_Pathway_Alteration_Count,0.170726413463327,TP53;PI3K;Cell_Cycle;Chromatin;DDR;WNT,mut/amp/del/sv,count of retained pathways with >=1 alteration (all pathways),CTNNB1,99,0.0417,1.205,0.21047675972450228,0.1868,0.0078,23.0
PRAD,PW_HIT_COUNT,All_Pathway_Alteration_Count,0.170726413463327,TP53;PI3K;Cell_Cycle;Chromatin;DDR;WNT,mut/amp/del/sv,count of retained pathways with >=1 alteration (all pathways),KMT2B,53,0.0223,1.39,0.10048382320699499,0.329,0.0074,24.0
PRAD,PW_HIT_COUNT,All_Pathway_Alteration_Count,0.170726413463327,TP53;PI3K;Cell_Cycle;Chromatin;DDR;WNT,mut/amp/del/sv,count of retained pathways with >=1 alteration (all pathways),ATR,40,0.0169,1.515,0.06366551546751752,0.4152,0.007,25.0
PRAD,PW_HIT_COUNT,All_Pathway_Alteration_Count,0.170726413463327,TP53;PI3K;Cell_Cycle;Chromatin;DDR;WNT,mut/amp/del/sv,count of retained pathways with >=1 alteration (all pathways),CCNE1,20,0.0084,2.268,0.006066273836263401,0.8191,0.0069,26.0
PRAD,PW_HIT_COUNT,All_Pathway_Alteration_Count,0.170726413463327,TP53;PI3K;Cell_Cycle;Chromatin;DDR;WNT,mut/amp/del/sv,count of retained pathways with >=1 alteration (all pathways),ASXL1,61,0.0257,1.293,0.1623382535563322,0.2566,0.0066,27.0
PRAD,PW_HIT_COUNT,All_Pathway_Alteration_Count,0.170726413463327,TP53;PI3K;Cell_Cycle;Chromatin;DDR;WNT,mut/amp/del/sv,count of retained pathways with >=1 alteration (all pathways),AXIN1,26,0.011,1.786,0.021021498303991915,0.5797,0.0064,28.0
PRAD,PW_HIT_COUNT,All_Pathway_Alteration_Count,0.170726413463327,TP53;PI3K;Cell_Cycle;Chromatin;DDR;WNT,mut/amp/del/sv,count of retained pathways with >=1 alteration (all pathways),MDM2,20,0.0084,2.071,0.007776139997575091,0.728,0.0061,29.0
PRAD,PW_HIT_COUNT,All_Pathway_Alteration_Count,0.170726413463327,TP53;PI3K;Cell_Cycle;Chromatin;DDR;WNT,mut/amp/del/sv,count of retained pathways with >=1 alteration (all pathways),BRCA1,27,0.0114,1.616,0.06142293886992615,0.4801,0.0055,30.0
PRAD,PW_HIT_COUNT,All_Pathway_Alteration_Count,0.170726413463327,TP53;PI3K;Cell_Cycle;Chromatin;DDR;WNT,mut/amp/del/sv,count of retained pathways with >=1 alteration (all pathways),RAD51C,12,0.0051,2.883,0.005488587618195102,1.0587,0.0054,31.0
PRAD,PW_HIT_COUNT,All_Pathway_Alteration_Count,0.170726413463327,TP53;PI3K;Cell_Cycle;Chromatin;DDR;WNT,mut/amp/del/sv,count of retained pathways with >=1 alteration (all pathways),MDM4,28,0.0118,1.568,0.08829553039553463,0.4501,0.0053,32.0
PRAD,PW_HIT_COUNT,All_Pathway_Alteration_Count,0.170726413463327,TP53;PI3K;Cell_Cycle;Chromatin;DDR;WNT,mut/amp/del/sv,count of retained pathways with >=1 alteration (all pathways),CDKN2B,39,0.0164,1.366,0.17074645763632285,0.3117,0.0051,33.0
PRAD,PW_HIT_COUNT,All_Pathway_Alteration_Count,0.170726413463327,TP53;PI3K;Cell_Cycle;Chromatin;DDR;WNT,mut/amp/del/sv,count of retained pathways with >=1 alteration (all pathways),DNMT3A,24,0.0101,1.658,0.0504499848520528,0.5057,0.0051,33.0
PRAD,PW_HIT_COUNT,All_Pathway_Alteration_Count,0.170726413463327,TP53;PI3K;Cell_Cycle;Chromatin;DDR;WNT,mut/amp/del/sv,count of retained pathways with >=1 alteration (all pathways),ARID1A,63,0.0266,1.196,0.3415918012357091,0.1786,0.0047,35.0
PRAD,PW_HIT_COUNT,All_Pathway_Alteration_Count,0.170726413463327,TP53;PI3K;Cell_Cycle;Chromatin;DDR;WNT,mut/amp/del/sv,count of retained pathways with >=1 alteration (all pathways),MSH3,28,0.0118,1.492,0.14152437443703306,0.4002,0.0047,35.0
PRAD,PW_HIT_COUNT,All_Pathway_Alteration_Count,0.170726413463327,TP53;PI3K;Cell_Cycle;Chromatin;DDR;WNT,mut/amp/del/sv,count of retained pathways with >=1 alteration (all pathways),CHEK1,10,0.0042,3.005,0.0020793581107597836,1.1004,0.0046,37.0
PRAD,PW_HIT_COUNT,All_Pathway_Alteration_Count,0.170726413463327,TP53;PI3K;Cell_Cycle;Chromatin;DDR;WNT,mut/amp/del/sv,count of retained pathways with >=1 alteration (all pathways),EP300,30,0.0126,0.693,0.2247844243053566,0.3666,0.0046,37.0
PRAD,PW_HIT_COUNT,All_Pathway_Alteration_Count,0.170726413463327,TP53;PI3K;Cell_Cycle;Chromatin;DDR;WNT,mut/amp/del/sv,count of retained pathways with >=1 alteration (all pathways),SMARCB1,16,0.0067,1.992,0.04557121440618428,0.6891,0.0046,37.0
PRAD,PW_HIT_COUNT,All_Pathway_Alteration_Count,0.170726413463327,TP53;PI3K;Cell_Cycle;Chromatin;DDR;WNT,mut/amp/del/sv,count of retained pathways with >=1 alteration (all pathways),RNF43,58,0.0245,1.203,0.3287434359619635,0.1848,0.0045,40.0
PRAD,PW_HIT_COUNT,All_Pathway_Alteration_Count,0.170726413463327,TP53;PI3K;Cell_Cycle;Chromatin;DDR;WNT,mut/amp/del/sv,count of retained pathways with >=1 alteration (all pathways),INPP4B,15,0.0063,1.986,0.03551422521400665,0.6864,0.0043,41.0
PRAD,PW_HIT_COUNT,All_Pathway_Alteration_Count,0.170726413463327,TP53;PI3K;Cell_Cycle;Chromatin;DDR;WNT,mut/amp/del/sv,count of retained pathways with >=1 alteration (all pathways),MAPKAP1,8,0.0034,3.321,0.003836535561828736,1.2003,0.004,42.0
PRAD,PW_HIT_COUNT,All_Pathway_Alteration_Count,0.170726413463327,TP53;PI3K;Cell_Cycle;Chromatin;DDR;WNT,mut/amp/del/sv,count of retained pathways with >=1 alteration (all pathways),CDKN2C,8,0.0034,3.136,0.0028151074568675888,1.143,0.0039,43.0
PRAD,PW_HIT_COUNT,All_Pathway_Alteration_Count,0.170726413463327,TP53;PI3K;Cell_Cycle;Chromatin;DDR;WNT,mut/amp/del/sv,count of retained pathways with >=1 alteration (all pathways),RAD50,20,0.0084,0.641,0.24412548272704646,0.4455,0.0038,44.0
PRAD,PW_HIT_COUNT,All_Pathway_Alteration_Count,0.170726413463327,TP53;PI3K;Cell_Cycle;Chromatin;DDR;WNT,mut/amp/del/sv,count of retained pathways with >=1 alteration (all pathways),ATM,115,0.0485,1.078,0.6013817321495851,0.0753,0.0037,45.0
PRAD,PW_HIT_COUNT,All_Pathway_Alteration_Count,0.170726413463327,TP53;PI3K;Cell_Cycle;Chromatin;DDR;WNT,mut/amp/del/sv,count of retained pathways with >=1 alteration (all pathways),AKT2,17,0.0072,1.646,0.11931780068712712,0.4986,0.0036,46.0
PRAD,PW_HIT_COUNT,All_Pathway_Alteration_Count,0.170726413463327,TP53;PI3K;Cell_Cycle;Chromatin;DDR;WNT,mut/amp/del/sv,count of retained pathways with >=1 alteration (all pathways),GSK3B,20,0.0084,1.525,0.18079910875683927,0.422,0.0036,46.0
PRAD,PW_HIT_COUNT,All_Pathway_Alteration_Count,0.170726413463327,TP53;PI3K;Cell_Cycle;Chromatin;DDR;WNT,mut/amp/del/sv,count of retained pathways with >=1 alteration (all pathways),PMS2,18,0.0076,1.602,0.12070870656564825,0.4715,0.0036,46.0
PRAD,PW_HIT_COUNT,All_Pathway_Alteration_Count,0.170726413463327,TP53;PI3K;Cell_Cycle;Chromatin;DDR;WNT,mut/amp/del/sv,count of retained pathways with >=1 alteration (all pathways),CCND2,10,0.0042,2.277,0.06201313943862664,0.8227,0.0035,49.0
PRAD,PW_HIT_COUNT,All_Pathway_Alteration_Count,0.170726413463327,TP53;PI3K;Cell_Cycle;Chromatin;DDR;WNT,mut/amp/del/sv,count of retained pathways with >=1 alteration (all pathways),CDK6,14,0.0059,1.8,0.10716650164562601,0.5876,0.0035,49.0
PRAD,PW_HIT_COUNT,All_Pathway_Alteration_Count,0.170726413463327,TP53;PI3K;Cell_Cycle;Chromatin;DDR;WNT,mut/amp/del/sv,count of retained pathways with >=1 alteration (all pathways),MUTYH,11,0.0046,2.149,0.05647432391532566,0.765,0.0035,49.0
PRAD,PW_HIT_COUNT,All_Pathway_Alteration_Count,0.170726413463327,TP53;PI3K;Cell_Cycle;Chromatin;DDR;WNT,mut/amp/del/sv,count of retained pathways with >=1 alteration (all pathways),TCF7L2,24,0.0101,1.388,0.247046558297679,0.3279,0.0033,52.0
PRAD,PW_HIT_COUNT,All_Pathway_Alteration_Count,0.170726413463327,TP53;PI3K;Cell_Cycle;Chromatin;DDR;WNT,mut/amp/del/sv,count of retained pathways with >=1 alteration (all pathways),ZNRF3,8,0.0034,0.371,0.21094338548063632,0.9925,0.0033,52.0
PRAD,PW_HIT_COUNT,All_Pathway_Alteration_Count,0.170726413463327,TP53;PI3K;Cell_Cycle;Chromatin;DDR;WNT,mut/amp/del/sv,count of retained pathways with >=1 alteration (all pathways),MSH2,43,0.0181,1.19,0.434135519049375,0.1743,0.0032,54.0
PRAD,PW_HIT_COUNT,All_Pathway_Alteration_Count,0.170726413463327,TP53;PI3K;Cell_Cycle;Chromatin;DDR;WNT,mut/amp/del/sv,count of retained pathways with >=1 alteration (all pathways),PPP2R1A,17,0.0072,1.567,0.15887050570945555,0.4492,0.0032,54.0
PRAD,PW_HIT_COUNT,All_Pathway_Alteration_Count,0.170726413463327,TP53;PI3K;Cell_Cycle;Chromatin;DDR;WNT,mut/amp/del/sv,count of retained pathways with >=1 alteration (all pathways),KMT2A,63,0.0266,0.895,0.5714941018499904,0.1104,0.0029,56.0
PRAD,PW_HIT_COUNT,All_Pathway_Alteration_Count,0.170726413463327,TP53;PI3K;Cell_Cycle;Chromatin;DDR;WNT,mut/amp/del/sv,count of retained pathways with >=1 alteration (all pathways),IDH1,18,0.0076,0.691,0.34857901930809887,0.3699,0.0028,57.0
PRAD,PW_HIT_COUNT,All_Pathway_Alteration_Count,0.170726413463327,TP53;PI3K;Cell_Cycle;Chromatin;DDR;WNT,mut/amp/del/sv,count of retained pathways with >=1 alteration (all pathways),RHEB,13,0.0055,1.645,0.16998628217867037,0.4979,0.0027,58.0
PRAD,PW_HIT_COUNT,All_Pathway_Alteration_Count,0.170726413463327,TP53;PI3K;Cell_Cycle;Chromatin;DDR;WNT,mut/amp/del/sv,count of retained pathways with >=1 alteration (all pathways),AKT3,15,0.0063,1.511,0.24867713202107955,0.4125,0.0026,59.0
PRAD,PW_HIT_COUNT,All_Pathway_Alteration_Count,0.170726413463327,TP53;PI3K;Cell_Cycle;Chromatin;DDR;WNT,mut/amp/del/sv,count of retained pathways with >=1 alteration (all pathways),CHEK2,15,0.0063,1.508,0.22267665247176113,0.4109,0.0026,59.0
PRAD,PW_HIT_COUNT,All_Pathway_Alteration_Count,0.170726413463327,TP53;PI3K;Cell_Cycle;Chromatin;DDR;WNT,mut/amp/del/sv,count of retained pathways with >=1 alteration (all pathways),PIK3R2,26,0.011,1.262,0.37064504045907043,0.233,0.0026,59.0
PRAD,PW_HIT_COUNT,All_Pathway_Alteration_Count,0.170726413463327,TP53;PI3K;Cell_Cycle;Chromatin;DDR;WNT,mut/amp/del/sv,count of retained pathways with >=1 alteration (all pathways),POLE,52,0.0219,0.886,0.5774200638224687,0.1206,0.0026,59.0
PRAD,PW_HIT_COUNT,All_Pathway_Alteration_Count,0.170726413463327,TP53;PI3K;Cell_Cycle;Chromatin;DDR;WNT,mut/amp/del/sv,count of retained pathways with >=1 alteration (all pathways),PBRM1,28,0.0118,1.235,0.44581106224403066,0.2111,0.0025,63.0
PRAD,PW_HIT_COUNT,All_Pathway_Alteration_Count,0.170726413463327,TP53;PI3K;Cell_Cycle;Chromatin;DDR;WNT,mut/amp/del/sv,count of retained pathways with >=1 alteration (all pathways),MSH6,41,0.0173,1.146,0.55007182209707,0.1365,0.0024,64.0
PRAD,PW_HIT_COUNT,All_Pathway_Alteration_Count,0.170726413463327,TP53;PI3K;Cell_Cycle;Chromatin;DDR;WNT,mut/amp/del/sv,count of retained pathways with >=1 alteration (all pathways),BLM,11,0.0046,1.643,0.2050759002761716,0.4966,0.0023,65.0
PRAD,PW_HIT_COUNT,All_Pathway_Alteration_Count,0.170726413463327,TP53;PI3K;Cell_Cycle;Chromatin;DDR;WNT,mut/amp/del/sv,count of retained pathways with >=1 alteration (all pathways),PIK3R3,11,0.0046,1.645,0.2040752182719675,0.4977,0.0023,65.0
PRAD,PW_HIT_COUNT,All_Pathway_Alteration_Count,0.170726413463327,TP53;PI3K;Cell_Cycle;Chromatin;DDR;WNT,mut/amp/del/sv,count of retained pathways with >=1 alteration (all pathways),ARID1B,43,0.0181,1.121,0.6151867601197671,0.114,0.0021,67.0
PRAD,PW_HIT_COUNT,All_Pathway_Alteration_Count,0.170726413463327,TP53;PI3K;Cell_Cycle;Chromatin;DDR;WNT,mut/amp/del/sv,count of retained pathways with >=1 alteration (all pathways),CREBBP,45,0.019,1.115,0.6136047359412538,0.1088,0.0021,67.0
PRAD,PW_HIT_COUNT,All_Pathway_Alteration_Count,0.170726413463327,TP53;PI3K;Cell_Cycle;Chromatin;DDR;WNT,mut/amp/del/sv,count of retained pathways with >=1 alteration (all pathways),CCND3,7,0.003,1.988,0.15913356205792306,0.6872,0.002,69.0
PRAD,PW_HIT_COUNT,All_Pathway_Alteration_Count,0.170726413463327,TP53;PI3K;Cell_Cycle;Chromatin;DDR;WNT,mut/amp/del/sv,count of retained pathways with >=1 alteration (all pathways),CDKN1A,6,0.0025,2.097,0.13195255738758085,0.7407,0.0019,70.0
PRAD,PW_HIT_COUNT,All_Pathway_Alteration_Count,0.170726413463327,TP53;PI3K;Cell_Cycle;Chromatin;DDR;WNT,mut/amp/del/sv,count of retained pathways with >=1 alteration (all pathways),BARD1,8,0.0034,1.709,0.21529223763459696,0.5362,0.0018,71.0
PRAD,PW_HIT_COUNT,All_Pathway_Alteration_Count,0.170726413463327,TP53;PI3K;Cell_Cycle;Chromatin;DDR;WNT,mut/amp/del/sv,count of retained pathways with >=1 alteration (all pathways),RPTOR,32,0.0135,0.874,0.6217355607876084,0.1346,0.0018,71.0
PRAD,PW_HIT_COUNT,All_Pathway_Alteration_Count,0.170726413463327,TP53;PI3K;Cell_Cycle;Chromatin;DDR;WNT,mut/amp/del/sv,count of retained pathways with >=1 alteration (all pathways),ARID2,36,0.0152,1.121,0.6488105520271411,0.1141,0.0017,73.0
PRAD,PW_HIT_COUNT,All_Pathway_Alteration_Count,0.170726413463327,TP53;PI3K;Cell_Cycle;Chromatin;DDR;WNT,mut/amp/del/sv,count of retained pathways with >=1 alteration (all pathways),NSD1,37,0.0156,1.115,0.6725834033656976,0.1089,0.0017,73.0
PRAD,PW_HIT_COUNT,All_Pathway_Alteration_Count,0.170726413463327,TP53;PI3K;Cell_Cycle;Chromatin;DDR;WNT,mut/amp/del/sv,count of retained pathways with >=1 alteration (all pathways),STK11,7,0.003,0.557,0.39630183792338636,0.5848,0.0017,73.0
PRAD,PW_HIT_COUNT,All_Pathway_Alteration_Count,0.170726413463327,TP53;PI3K;Cell_Cycle;Chromatin;DDR;WNT,mut/amp/del/sv,count of retained pathways with >=1 alteration (all pathways),NCOR1,75,0.0316,1.053,0.7746880207895611,0.0513,0.0016,76.0
PRAD,PW_HIT_COUNT,All_Pathway_Alteration_Count,0.170726413463327,TP53;PI3K;Cell_Cycle;Chromatin;DDR;WNT,mut/amp/del/sv,count of retained pathways with >=1 alteration (all pathways),PALB2,18,0.0076,1.235,0.5183677580407102,0.2114,0.0016,76.0
PRAD,PW_HIT_COUNT,All_Pathway_Alteration_Count,0.170726413463327,TP53;PI3K;Cell_Cycle;Chromatin;DDR;WNT,mut/amp/del/sv,count of retained pathways with >=1 alteration (all pathways),ATRX,31,0.0131,1.119,0.6790498674507848,0.1123,0.0015,78.0
PRAD,PW_HIT_COUNT,All_Pathway_Alteration_Count,0.170726413463327,TP53;PI3K;Cell_Cycle;Chromatin;DDR;WNT,mut/amp/del/sv,count of retained pathways with >=1 alteration (all pathways),EZH2,21,0.0089,1.189,0.5724909638213826,0.1732,0.0015,78.0
PRAD,PW_HIT_COUNT,All_Pathway_Alteration_Count,0.170726413463327,TP53;PI3K;Cell_Cycle;Chromatin;DDR;WNT,mut/amp/del/sv,count of retained pathways with >=1 alteration (all pathways),CDK4,15,0.0063,1.248,0.5276093985181773,0.2219,0.0014,80.0
PRAD,PW_HIT_COUNT,All_Pathway_Alteration_Count,0.170726413463327,TP53;PI3K;Cell_Cycle;Chromatin;DDR;WNT,mut/amp/del/sv,count of retained pathways with >=1 alteration (all pathways),POLD1,33,0.0139,1.109,0.691542995337878,0.1034,0.0014,80.0
PRAD,PW_HIT_COUNT,All_Pathway_Alteration_Count,0.170726413463327,TP53;PI3K;Cell_Cycle;Chromatin;DDR;WNT,mut/amp/del/sv,count of retained pathways with >=1 alteration (all pathways),SETD2,57,0.024,1.062,0.769688845393613,0.06,0.0014,80.0
PRAD,PW_HIT_COUNT,All_Pathway_Alteration_Count,0.170726413463327,TP53;PI3K;Cell_Cycle;Chromatin;DDR;WNT,mut/amp/del/sv,count of retained pathways with >=1 alteration (all pathways),BAP1,22,0.0093,1.146,0.655108973169142,0.136,0.0013,83.0
PRAD,PW_HIT_COUNT,All_Pathway_Alteration_Count,0.170726413463327,TP53;PI3K;Cell_Cycle;Chromatin;DDR;WNT,mut/amp/del/sv,count of retained pathways with >=1 alteration (all pathways),E2F3,9,0.0038,1.343,0.526867038702332,0.2946,0.0011,84.0
PRAD,PW_HIT_COUNT,All_Pathway_Alteration_Count,0.170726413463327,TP53;PI3K;Cell_Cycle;Chromatin;DDR;WNT,mut/amp/del/sv,count of retained pathways with >=1 alteration (all pathways),MTOR,45,0.019,1.052,0.8241149102214526,0.0511,0.001,85.0
PRAD,PW_HIT_COUNT,All_Pathway_Alteration_Count,0.170726413463327,TP53;PI3K;Cell_Cycle;Chromatin;DDR;WNT,mut/amp/del/sv,count of retained pathways with >=1 alteration (all pathways),BCOR,33,0.0139,1.063,0.8068057664484025,0.0614,0.0009,86.0
PRAD,PW_HIT_COUNT,All_Pathway_Alteration_Count,0.170726413463327,TP53;PI3K;Cell_Cycle;Chromatin;DDR;WNT,mut/amp/del/sv,count of retained pathways with >=1 alteration (all pathways),KDM6A,115,0.0485,0.981,0.898844560668182,0.019,0.0009,86.0
PRAD,PW_HIT_COUNT,All_Pathway_Alteration_Count,0.170726413463327,TP53;PI3K;Cell_Cycle;Chromatin;DDR;WNT,mut/amp/del/sv,count of retained pathways with >=1 alteration (all pathways),SMARCD1,9,0.0038,0.785,0.6692056719848583,0.2424,0.0009,86.0
PRAD,PW_HIT_COUNT,All_Pathway_Alteration_Count,0.170726413463327,TP53;PI3K;Cell_Cycle;Chromatin;DDR;WNT,mut/amp/del/sv,count of retained pathways with >=1 alteration (all pathways),AXIN2,27,0.0114,1.069,0.8138708411565564,0.067,0.0008,89.0
PRAD,PW_HIT_COUNT,All_Pathway_Alteration_Count,0.170726413463327,TP53;PI3K;Cell_Cycle;Chromatin;DDR;WNT,mut/amp/del/sv,count of retained pathways with >=1 alteration (all pathways),ERCC4,14,0.0059,1.151,0.72647488158906,0.1409,0.0008,89.0
PRAD,PW_HIT_COUNT,All_Pathway_Alteration_Count,0.170726413463327,TP53;PI3K;Cell_Cycle;Chromatin;DDR;WNT,mut/amp/del/sv,count of retained pathways with >=1 alteration (all pathways),ERCC5,31,0.0131,1.053,0.8480353948775365,0.0517,0.0007,91.0
PRAD,PW_HIT_COUNT,All_Pathway_Alteration_Count,0.170726413463327,TP53;PI3K;Cell_Cycle;Chromatin;DDR;WNT,mut/amp/del/sv,count of retained pathways with >=1 alteration (all pathways),MLH1,18,0.0076,0.924,0.8238693262810663,0.0793,0.0006,92.0
PRAD,PW_HIT_COUNT,All_Pathway_Alteration_Count,0.170726413463327,TP53;PI3K;Cell_Cycle;Chromatin;DDR;WNT,mut/amp/del/sv,count of retained pathways with >=1 alteration (all pathways),RICTOR,22,0.0093,1.067,0.8374744777656582,0.065,0.0006,92.0
PRAD,PW_HIT_COUNT,All_Pathway_Alteration_Count,0.170726413463327,TP53;PI3K;Cell_Cycle;Chromatin;DDR;WNT,mut/amp/del/sv,count of retained pathways with >=1 alteration (all pathways),TET2,29,0.0122,0.951,0.8617128513095913,0.0505,0.0006,92.0
PRAD,PW_HIT_COUNT,All_Pathway_Alteration_Count,0.170726413463327,TP53;PI3K;Cell_Cycle;Chromatin;DDR;WNT,mut/amp/del/sv,count of retained pathways with >=1 alteration (all pathways),ASXL2,58,0.0245,0.982,0.9274996621718292,0.0185,0.0005,95.0
PRAD,PW_HIT_COUNT,All_Pathway_Alteration_Count,0.170726413463327,TP53;PI3K;Cell_Cycle;Chromatin;DDR;WNT,mut/amp/del/sv,count of retained pathways with >=1 alteration (all pathways),SUZ12,5,0.0021,1.293,0.6924172701603595,0.2572,0.0005,95.0
PRAD,PW_HIT_COUNT,All_Pathway_Alteration_Count,0.170726413463327,TP53;PI3K;Cell_Cycle;Chromatin;DDR;WNT,mut/amp/del/sv,count of retained pathways with >=1 alteration (all pathways),EED,13,0.0055,1.081,0.8599423691199787,0.0776,0.0004,97.0
PRAD,PW_HIT_COUNT,All_Pathway_Alteration_Count,0.170726413463327,TP53;PI3K;Cell_Cycle;Chromatin;DDR;WNT,mut/amp/del/sv,count of retained pathways with >=1 alteration (all pathways),FANCC,10,0.0042,0.914,0.8558920122931115,0.09,0.0004,97.0
PRAD,PW_HIT_COUNT,All_Pathway_Alteration_Count,0.170726413463327,TP53;PI3K;Cell_Cycle;Chromatin;DDR;WNT,mut/amp/del/sv,count of retained pathways with >=1 alteration (all pathways),NSD2,26,0.011,0.968,0.9133563862193097,0.032,0.0004,97.0
PRAD,PW_HIT_COUNT,All_Pathway_Alteration_Count,0.170726413463327,TP53;PI3K;Cell_Cycle;Chromatin;DDR;WNT,mut/amp/del/sv,count of retained pathways with >=1 alteration (all pathways),TSC1,14,0.0059,1.064,0.8762031682049007,0.0622,0.0004,97.0
PRAD,PW_HIT_COUNT,All_Pathway_Alteration_Count,0.170726413463327,TP53;PI3K;Cell_Cycle;Chromatin;DDR;WNT,mut/amp/del/sv,count of retained pathways with >=1 alteration (all pathways),TSC2,34,0.0143,0.972,0.9117062726592102,0.0284,0.0004,97.0
PRAD,PW_HIT_COUNT,All_Pathway_Alteration_Count,0.170726413463327,TP53;PI3K;Cell_Cycle;Chromatin;DDR;WNT,mut/amp/del/sv,count of retained pathways with >=1 alteration (all pathways),ERCC2,12,0.0051,1.028,0.950802788204105,0.0272,0.0001,102.0
PRAD,PW_HIT_COUNT,All_Pathway_Alteration_Count,0.170726413463327,TP53;PI3K;Cell_Cycle;Chromatin;DDR;WNT,mut/amp/del/sv,count of retained pathways with >=1 alteration (all pathways),RAD51B,8,0.0034,1.018,0.9729345161710796,0.0175,0.0001,102.0
PRAD,PW_HIT_COUNT,All_Pathway_Alteration_Count,0.170726413463327,TP53;PI3K;Cell_Cycle;Chromatin;DDR;WNT,mut/amp/del/sv,count of retained pathways with >=1 alteration (all pathways),SMARCA4,45,0.019,0.999,0.9971428768787776,0.0008,0.0,104.0
PRAD,PW_HIT_COUNT,All_Pathway_Alteration_Count,0.170726413463327,TP53;PI3K;Cell_Cycle;Chromatin;DDR;WNT,mut/amp/del/sv,count of retained pathways with >=1 alteration (all pathways),IDH2,4,0.0017,,,,,
PRAD,PW_HIT_COUNT,All_Pathway_Alteration_Count,0.170726413463327,TP53;PI3K;Cell_Cycle;Chromatin;DDR;WNT,mut/amp/del/sv,count of retained pathways with >=1 alteration (all pathways),RAD51D,4,0.0017,,,,,
PRAD,PW_HIT_COUNT,All_Pathway_Alteration_Count,0.170726413463327,TP53;PI3K;Cell_Cycle;Chromatin;DDR;WNT,mut/amp/del/sv,count of retained pathways with >=1 alteration (all pathways),SMARCC1,1,0.0004,,,,,
PRAD,PW_HIT_COUNT,All_Pathway_Alteration_Count,0.170726413463327,TP53;PI3K;Cell_Cycle;Chromatin;DDR;WNT,mut/amp/del/sv,count of retained pathways with >=1 alteration (all pathways),SMARCE1,2,0.0008,,,,,
PRAD,PW_HIT_COUNT,All_Pathway_Alteration_Count,0.170726413463327,TP53;PI3K;Cell_Cycle;Chromatin;DDR;WNT,mut/amp/del/sv,count of retained pathways with >=1 alteration (all pathways),WNT5A,1,0.0004,,,,,
PRAD,PW_WNT_zsum,WNT_zsum,-0.0416356717449581,WNT,mut/amp/del/sv,composite: z(amp)+z(del)+z(sv)+mut_rate_z over pathway genes,AMER1,61,0.0257,2.72,3.6363801442205174e-10,1.0005,0.0257,1.0
PRAD,PW_WNT_zsum,WNT_zsum,-0.0416356717449581,WNT,mut/amp/del/sv,composite: z(amp)+z(del)+z(sv)+mut_rate_z over pathway genes,APC,178,0.075,1.362,0.005427686016118618,0.3091,0.0232,2.0
PRAD,PW_WNT_zsum,WNT_zsum,-0.0416356717449581,WNT,mut/amp/del/sv,composite: z(amp)+z(del)+z(sv)+mut_rate_z over pathway genes,CTNNB1,99,0.0417,1.205,0.21047675972450228,0.1868,0.0078,3.0
PRAD,PW_WNT_zsum,WNT_zsum,-0.0416356717449581,WNT,mut/amp/del/sv,composite: z(amp)+z(del)+z(sv)+mut_rate_z over pathway genes,AXIN1,26,0.011,1.786,0.021021498303991915,0.5797,0.0064,4.0
PRAD,PW_WNT_zsum,WNT_zsum,-0.0416356717449581,WNT,mut/amp/del/sv,composite: z(amp)+z(del)+z(sv)+mut_rate_z over pathway genes,RNF43,58,0.0245,1.203,0.3287434359619635,0.1848,0.0045,5.0
PRAD,PW_WNT_zsum,WNT_zsum,-0.0416356717449581,WNT,mut/amp/del/sv,composite: z(amp)+z(del)+z(sv)+mut_rate_z over pathway genes,GSK3B,20,0.0084,1.525,0.18079910875683927,0.422,0.0036,6.0
PRAD,PW_WNT_zsum,WNT_zsum,-0.0416356717449581,WNT,mut/amp/del/sv,composite: z(amp)+z(del)+z(sv)+mut_rate_z over pathway genes,TCF7L2,24,0.0101,1.388,0.247046558297679,0.3279,0.0033,7.0
PRAD,PW_WNT_zsum,WNT_zsum,-0.0416356717449581,WNT,mut/amp/del/sv,composite: z(amp)+z(del)+z(sv)+mut_rate_z over pathway genes,ZNRF3,8,0.0034,0.371,0.21094338548063632,0.9925,0.0033,7.0
PRAD,PW_WNT_zsum,WNT_zsum,-0.0416356717449581,WNT,mut/amp/del/sv,composite: z(amp)+z(del)+z(sv)+mut_rate_z over pathway genes,AXIN2,27,0.0114,1.069,0.8138708411565564,0.067,0.0008,9.0
PRAD,PW_WNT_zsum,WNT_zsum,-0.0416356717449581,WNT,mut/amp/del/sv,composite: z(amp)+z(del)+z(sv)+mut_rate_z over pathway genes,WNT5A,1,0.0004,,,,,
CRC,PW_Chromatin_any_rate_z,Chromatin_any_rate,-0.1796250971828362,Chromatin,mut/amp/del,fraction of pathway genes with mut/amp/del (z-scored),ARID1A,530,0.1242,0.611,4.283482896870725e-11,0.493,0.0612,1.0
CRC,PW_Chromatin_any_rate_z,Chromatin_any_rate,-0.1796250971828362,Chromatin,mut/amp/del,fraction of pathway genes with mut/amp/del (z-scored),KMT2D,466,0.1092,0.573,1.7726995532502758e-12,0.5577,0.0609,2.0
CRC,PW_Chromatin_any_rate_z,Chromatin_any_rate,-0.1796250971828362,Chromatin,mut/amp/del,fraction of pathway genes with mut/amp/del (z-scored),KMT2B,372,0.0871,0.595,1.259754534220841e-08,0.5184,0.0452,3.0
CRC,PW_Chromatin_any_rate_z,Chromatin_any_rate,-0.1796250971828362,Chromatin,mut/amp/del,fraction of pathway genes with mut/amp/del (z-scored),ASXL1,431,0.101,0.658,1.3903497206343886e-07,0.4188,0.0423,4.0
CRC,PW_Chromatin_any_rate_z,Chromatin_any_rate,-0.1796250971828362,Chromatin,mut/amp/del,fraction of pathway genes with mut/amp/del (z-scored),KMT2C,345,0.0808,0.635,4.486468112209754e-07,0.4541,0.0367,5.0
CRC,PW_Chromatin_any_rate_z,Chromatin_any_rate,-0.1796250971828362,Chromatin,mut/amp/del,fraction of pathway genes with mut/amp/del (z-scored),CREBBP,283,0.0663,0.587,1.3478782686026186e-07,0.5322,0.0353,6.0
CRC,PW_Chromatin_any_rate_z,Chromatin_any_rate,-0.1796250971828362,Chromatin,mut/amp/del,fraction of pathway genes with mut/amp/del (z-scored),KMT2A,265,0.0621,0.629,6.009183051728388e-06,0.4639,0.0288,7.0
CRC,PW_Chromatin_any_rate_z,Chromatin_any_rate,-0.1796250971828362,Chromatin,mut/amp/del,fraction of pathway genes with mut/amp/del (z-scored),SMARCA4,256,0.06,0.638,1.4001869847622319e-05,0.4487,0.0269,8.0
CRC,PW_Chromatin_any_rate_z,Chromatin_any_rate,-0.1796250971828362,Chromatin,mut/amp/del,fraction of pathway genes with mut/amp/del (z-scored),ARID1B,262,0.0614,0.657,4.0210339453181557e-05,0.4198,0.0258,9.0
CRC,PW_Chromatin_any_rate_z,Chromatin_any_rate,-0.1796250971828362,Chromatin,mut/amp/del,fraction of pathway genes with mut/amp/del (z-scored),NSD1,163,0.0382,0.52,6.510315644384839e-07,0.6544,0.025,10.0
CRC,PW_Chromatin_any_rate_z,Chromatin_any_rate,-0.1796250971828362,Chromatin,mut/amp/del,fraction of pathway genes with mut/amp/del (z-scored),NCOR1,221,0.0518,0.62,1.5955227372164627e-05,0.4777,0.0247,11.0
CRC,PW_Chromatin_any_rate_z,Chromatin_any_rate,-0.1796250971828362,Chromatin,mut/amp/del,fraction of pathway genes with mut/amp/del (z-scored),SETD2,207,0.0485,0.602,8.63949187345439e-06,0.5082,0.0246,12.0
CRC,PW_Chromatin_any_rate_z,Chromatin_any_rate,-0.1796250971828362,Chromatin,mut/amp/del,fraction of pathway genes with mut/amp/del (z-scored),BCOR,233,0.0546,0.665,0.00017422706640509995,0.4083,0.0223,13.0
CRC,PW_Chromatin_any_rate_z,Chromatin_any_rate,-0.1796250971828362,Chromatin,mut/amp/del,fraction of pathway genes with mut/amp/del (z-scored),TET2,167,0.0391,0.589,5.146856968508558e-05,0.5297,0.0207,14.0
CRC,PW_Chromatin_any_rate_z,Chromatin_any_rate,-0.1796250971828362,Chromatin,mut/amp/del,fraction of pathway genes with mut/amp/del (z-scored),TET1,195,0.0457,0.644,0.0001450878549504951,0.4393,0.0201,15.0
CRC,PW_Chromatin_any_rate_z,Chromatin_any_rate,-0.1796250971828362,Chromatin,mut/amp/del,fraction of pathway genes with mut/amp/del (z-scored),DNMT3A,109,0.0255,0.479,1.2885795611292903e-05,0.7365,0.0188,16.0
CRC,PW_Chromatin_any_rate_z,Chromatin_any_rate,-0.1796250971828362,Chromatin,mut/amp/del,fraction of pathway genes with mut/amp/del (z-scored),PBRM1,171,0.0401,0.63,0.0002020649254405498,0.4626,0.0185,17.0
CRC,PW_Chromatin_any_rate_z,Chromatin_any_rate,-0.1796250971828362,Chromatin,mut/amp/del,fraction of pathway genes with mut/amp/del (z-scored),EP300,228,0.0534,0.708,0.0012864495550450052,0.3446,0.0184,18.0
CRC,PW_Chromatin_any_rate_z,Chromatin_any_rate,-0.1796250971828362,Chromatin,mut/amp/del,fraction of pathway genes with mut/amp/del (z-scored),ATRX,201,0.0471,0.711,0.0023694276499286087,0.3412,0.0161,19.0
CRC,PW_Chromatin_any_rate_z,Chromatin_any_rate,-0.1796250971828362,Chromatin,mut/amp/del,fraction of pathway genes with mut/amp/del (z-scored),ASXL2,122,0.0286,0.658,0.004491922835401778,0.4185,0.012,20.0
CRC,PW_Chromatin_any_rate_z,Chromatin_any_rate,-0.1796250971828362,Chromatin,mut/amp/del,fraction of pathway genes with mut/amp/del (z-scored),KDM5C,141,0.033,0.7,0.00788116198589806,0.357,0.0118,21.0
CRC,PW_Chromatin_any_rate_z,Chromatin_any_rate,-0.1796250971828362,Chromatin,mut/amp/del,fraction of pathway genes with mut/amp/del (z-scored),BAP1,84,0.0197,0.587,0.00386069076527116,0.5333,0.0105,22.0
CRC,PW_Chromatin_any_rate_z,Chromatin_any_rate,-0.1796250971828362,Chromatin,mut/amp/del,fraction of pathway genes with mut/amp/del (z-scored),ARID2,188,0.044,0.795,0.04319356510384138,0.2292,0.0101,23.0
CRC,PW_Chromatin_any_rate_z,Chromatin_any_rate,-0.1796250971828362,Chromatin,mut/amp/del,fraction of pathway genes with mut/amp/del (z-scored),NSD2,107,0.0251,0.673,0.014338367799414758,0.3967,0.0099,24.0
CRC,PW_Chromatin_any_rate_z,Chromatin_any_rate,-0.1796250971828362,Chromatin,mut/amp/del,fraction of pathway genes with mut/amp/del (z-scored),EZH2,67,0.0157,0.65,0.030801556017593892,0.43,0.0067,25.0
CRC,PW_Chromatin_any_rate_z,Chromatin_any_rate,-0.1796250971828362,Chromatin,mut/amp/del,fraction of pathway genes with mut/amp/del (z-scored),IDH2,61,0.0143,0.629,0.027511974532536284,0.4633,0.0066,26.0
CRC,PW_Chromatin_any_rate_z,Chromatin_any_rate,-0.1796250971828362,Chromatin,mut/amp/del,fraction of pathway genes with mut/amp/del (z-scored),SMARCB1,73,0.0171,0.741,0.0900593176673162,0.2999,0.0051,27.0
CRC,PW_Chromatin_any_rate_z,Chromatin_any_rate,-0.1796250971828362,Chromatin,mut/amp/del,fraction of pathway genes with mut/amp/del (z-scored),IDH1,59,0.0138,0.719,0.10904876564327817,0.3302,0.0046,28.0
CRC,PW_Chromatin_any_rate_z,Chromatin_any_rate,-0.1796250971828362,Chromatin,mut/amp/del,fraction of pathway genes with mut/amp/del (z-scored),KDM6A,114,0.0267,0.857,0.27634992236717953,0.1541,0.0041,29.0
CRC,PW_Chromatin_any_rate_z,Chromatin_any_rate,-0.1796250971828362,Chromatin,mut/amp/del,fraction of pathway genes with mut/amp/del (z-scored),SUZ12,54,0.0126,0.74,0.15035795436451307,0.3015,0.0038,30.0
CRC,PW_Chromatin_any_rate_z,Chromatin_any_rate,-0.1796250971828362,Chromatin,mut/amp/del,fraction of pathway genes with mut/amp/del (z-scored),EED,22,0.0052,0.669,0.22621642630030406,0.4025,0.0021,31.0
CRC,PW_Chromatin_any_rate_z,Chromatin_any_rate,-0.1796250971828362,Chromatin,mut/amp/del,fraction of pathway genes with mut/amp/del (z-scored),SMARCD1,49,0.0115,0.842,0.43491758943135306,0.1723,0.002,32.0
CRC,PW_Chromatin_any_rate_z,Chromatin_any_rate,-0.1796250971828362,Chromatin,mut/amp/del,fraction of pathway genes with mut/amp/del (z-scored),SMARCE1,29,0.0068,0.767,0.43598519625239474,0.2654,0.0018,33.0
CRC,PW_DDR_zsum,DDR_zsum,-0.1158133668606138,DDR,mut/amp/del/sv,composite: z(amp)+z(del)+z(sv)+mut_rate_z over pathway genes,MSH3,262,0.0614,0.539,2.822051600518353e-08,0.6179,0.0379,1.0
CRC,PW_DDR_zsum,DDR_zsum,-0.1158133668606138,DDR,mut/amp/del/sv,composite: z(amp)+z(del)+z(sv)+mut_rate_z over pathway genes,POLD1,209,0.049,0.498,1.0537718314647368e-08,0.6973,0.0341,2.0
CRC,PW_DDR_zsum,DDR_zsum,-0.1158133668606138,DDR,mut/amp/del/sv,composite: z(amp)+z(del)+z(sv)+mut_rate_z over pathway genes,MSH6,212,0.0497,0.557,6.601276793616871e-07,0.5851,0.0291,3.0
CRC,PW_DDR_zsum,DDR_zsum,-0.1158133668606138,DDR,mut/amp/del/sv,composite: z(amp)+z(del)+z(sv)+mut_rate_z over pathway genes,ATM,369,0.0864,0.716,8.311060340429411e-05,0.3343,0.0289,4.0
CRC,PW_DDR_zsum,DDR_zsum,-0.1158133668606138,DDR,mut/amp/del/sv,composite: z(amp)+z(del)+z(sv)+mut_rate_z over pathway genes,MSH2,137,0.0321,0.462,2.3942976378044865e-07,0.7713,0.0248,5.0
CRC,PW_DDR_zsum,DDR_zsum,-0.1158133668606138,DDR,mut/amp/del/sv,composite: z(amp)+z(del)+z(sv)+mut_rate_z over pathway genes,POLE,249,0.0583,0.665,7.91311116886487e-05,0.4075,0.0238,6.0
CRC,PW_DDR_zsum,DDR_zsum,-0.1158133668606138,DDR,mut/amp/del/sv,composite: z(amp)+z(del)+z(sv)+mut_rate_z over pathway genes,BRCA1,135,0.0316,0.513,4.719564970765799e-06,0.6672,0.0211,7.0
CRC,PW_DDR_zsum,DDR_zsum,-0.1158133668606138,DDR,mut/amp/del/sv,composite: z(amp)+z(del)+z(sv)+mut_rate_z over pathway genes,BRCA2,342,0.0801,0.779,0.003502668005330002,0.2496,0.02,8.0
CRC,PW_DDR_zsum,DDR_zsum,-0.1158133668606138,DDR,mut/amp/del/sv,composite: z(amp)+z(del)+z(sv)+mut_rate_z over pathway genes,BLM,151,0.0354,0.577,6.683478115661558e-05,0.5494,0.0194,9.0
CRC,PW_DDR_zsum,DDR_zsum,-0.1158133668606138,DDR,mut/amp/del/sv,composite: z(amp)+z(del)+z(sv)+mut_rate_z over pathway genes,FANCA,131,0.0307,0.557,5.784101181213444e-05,0.5843,0.0179,10.0
CRC,PW_DDR_zsum,DDR_zsum,-0.1158133668606138,DDR,mut/amp/del/sv,composite: z(amp)+z(del)+z(sv)+mut_rate_z over pathway genes,ATR,188,0.044,0.669,0.0006912377199496275,0.4016,0.0177,11.0
CRC,PW_DDR_zsum,DDR_zsum,-0.1158133668606138,DDR,mut/amp/del/sv,composite: z(amp)+z(del)+z(sv)+mut_rate_z over pathway genes,RECQL4,271,0.0635,0.775,0.006298379066751011,0.2553,0.0162,12.0
CRC,PW_DDR_zsum,DDR_zsum,-0.1158133668606138,DDR,mut/amp/del/sv,composite: z(amp)+z(del)+z(sv)+mut_rate_z over pathway genes,MLH1,123,0.0288,0.579,0.0003452652782837129,0.5464,0.0157,13.0
CRC,PW_DDR_zsum,DDR_zsum,-0.1158133668606138,DDR,mut/amp/del/sv,composite: z(amp)+z(del)+z(sv)+mut_rate_z over pathway genes,BRIP1,92,0.0216,0.516,0.0002521508337344411,0.661,0.0142,14.0
CRC,PW_DDR_zsum,DDR_zsum,-0.1158133668606138,DDR,mut/amp/del/sv,composite: z(amp)+z(del)+z(sv)+mut_rate_z over pathway genes,MUTYH,67,0.0157,0.436,0.00014462266632626655,0.8304,0.013,15.0
CRC,PW_DDR_zsum,DDR_zsum,-0.1158133668606138,DDR,mut/amp/del/sv,composite: z(amp)+z(del)+z(sv)+mut_rate_z over pathway genes,NBN,129,0.0302,0.695,0.009188465510502066,0.3643,0.011,16.0
CRC,PW_DDR_zsum,DDR_zsum,-0.1158133668606138,DDR,mut/amp/del/sv,composite: z(amp)+z(del)+z(sv)+mut_rate_z over pathway genes,RAD50,129,0.0302,0.694,0.009116323479528343,0.3647,0.011,16.0
CRC,PW_DDR_zsum,DDR_zsum,-0.1158133668606138,DDR,mut/amp/del/sv,composite: z(amp)+z(del)+z(sv)+mut_rate_z over pathway genes,PALB2,114,0.0267,0.674,0.00901273631728351,0.3945,0.0105,18.0
CRC,PW_DDR_zsum,DDR_zsum,-0.1158133668606138,DDR,mut/amp/del/sv,composite: z(amp)+z(del)+z(sv)+mut_rate_z over pathway genes,BARD1,87,0.0204,0.611,0.004994015075313272,0.4933,0.0101,19.0
CRC,PW_DDR_zsum,DDR_zsum,-0.1158133668606138,DDR,mut/amp/del/sv,composite: z(amp)+z(del)+z(sv)+mut_rate_z over pathway genes,ERCC5,177,0.0415,0.793,0.048853710020756204,0.2322,0.0096,20.0
CRC,PW_DDR_zsum,DDR_zsum,-0.1158133668606138,DDR,mut/amp/del/sv,composite: z(amp)+z(del)+z(sv)+mut_rate_z over pathway genes,ERCC4,82,0.0192,0.637,0.014540632437491112,0.4507,0.0087,21.0
CRC,PW_DDR_zsum,DDR_zsum,-0.1158133668606138,DDR,mut/amp/del/sv,composite: z(amp)+z(del)+z(sv)+mut_rate_z over pathway genes,CHEK1,60,0.0141,0.548,0.008179553536348591,0.601,0.0084,22.0
CRC,PW_DDR_zsum,DDR_zsum,-0.1158133668606138,DDR,mut/amp/del/sv,composite: z(amp)+z(del)+z(sv)+mut_rate_z over pathway genes,ERCC3,76,0.0178,0.643,0.014998119001889514,0.4409,0.0078,23.0
CRC,PW_DDR_zsum,DDR_zsum,-0.1158133668606138,DDR,mut/amp/del/sv,composite: z(amp)+z(del)+z(sv)+mut_rate_z over pathway genes,ERCC2,93,0.0218,0.724,0.04814463909050504,0.3225,0.007,24.0
CRC,PW_DDR_zsum,DDR_zsum,-0.1158133668606138,DDR,mut/amp/del/sv,composite: z(amp)+z(del)+z(sv)+mut_rate_z over pathway genes,CHEK2,66,0.0155,0.642,0.023494580298538043,0.443,0.0068,25.0
CRC,PW_DDR_zsum,DDR_zsum,-0.1158133668606138,DDR,mut/amp/del/sv,composite: z(amp)+z(del)+z(sv)+mut_rate_z over pathway genes,FANCC,50,0.0117,0.609,0.029463417385352852,0.496,0.0058,26.0
CRC,PW_DDR_zsum,DDR_zsum,-0.1158133668606138,DDR,mut/amp/del/sv,composite: z(amp)+z(del)+z(sv)+mut_rate_z over pathway genes,PMS2,72,0.0169,0.769,0.15215390262928866,0.263,0.0044,27.0
CRC,PW_DDR_zsum,DDR_zsum,-0.1158133668606138,DDR,mut/amp/del/sv,composite: z(amp)+z(del)+z(sv)+mut_rate_z over pathway genes,RAD51D,24,0.0056,0.463,0.027618542467057604,0.7691,0.0043,28.0
CRC,PW_DDR_zsum,DDR_zsum,-0.1158133668606138,DDR,mut/amp/del/sv,composite: z(amp)+z(del)+z(sv)+mut_rate_z over pathway genes,RAD51C,34,0.008,0.61,0.07494980136405649,0.4942,0.0039,29.0
CRC,PW_DDR_zsum,DDR_zsum,-0.1158133668606138,DDR,mut/amp/del/sv,composite: z(amp)+z(del)+z(sv)+mut_rate_z over pathway genes,RAD51B,22,0.0052,0.861,0.6440253951737445,0.15,0.0008,30.0
CRC,PW_DDR_zsum,DDR_zsum,-0.1158133668606138,DDR,mut/amp/del/sv,composite: z(amp)+z(del)+z(sv)+mut_rate_z over pathway genes,MRE11,1,0.0002,,,,,
CRC,PW_HIT_COUNT,All_Pathway_Alteration_Count,0.0017846181549948,TP53;RTK_RAS;WNT;TGF_Beta;PI3K;DDR;MYC;Chromatin,mut/amp/del/sv,count of retained pathways with >=1 alteration (all pathways),APC,3258,0.7632,0.816,4.5612378765468896e-05,0.2036,0.1554,1.0
CRC,PW_HIT_COUNT,All_Pathway_Alteration_Count,0.0017846181549948,TP53;RTK_RAS;WNT;TGF_Beta;PI3K;DDR;MYC;Chromatin,mut/amp/del/sv,count of retained pathways with >=1 alteration (all pathways),TP53,3182,0.7454,1.15,0.005974629315250524,0.1396,0.104,2.0
CRC,PW_HIT_COUNT,All_Pathway_Alteration_Count,0.0017846181549948,TP53;RTK_RAS;WNT;TGF_Beta;PI3K;DDR;MYC;Chromatin,mut/amp/del/sv,count of retained pathways with >=1 alteration (all pathways),KRAS,1861,0.4359,1.241,7.076188610144653e-07,0.2157,0.094,3.0
CRC,PW_HIT_COUNT,All_Pathway_Alteration_Count,0.0017846181549948,TP53;RTK_RAS;WNT;TGF_Beta;PI3K;DDR;MYC;Chromatin,mut/amp/del/sv,count of retained pathways with >=1 alteration (all pathways),ARID1A,534,0.1251,0.615,6.193934763945736e-11,0.4864,0.0608,4.0
CRC,PW_HIT_COUNT,All_Pathway_Alteration_Count,0.0017846181549948,TP53;RTK_RAS;WNT;TGF_Beta;PI3K;DDR;MYC;Chromatin,mut/amp/del/sv,count of retained pathways with >=1 alteration (all pathways),KMT2D,469,0.1099,0.582,5.373633521247266e-12,0.5415,0.0595,5.0
CRC,PW_HIT_COUNT,All_Pathway_Alteration_Count,0.0017846181549948,TP53;RTK_RAS;WNT;TGF_Beta;PI3K;DDR;MYC;Chromatin,mut/amp/del/sv,count of retained pathways with >=1 alteration (all pathways),SMAD4,768,0.1799,1.388,1.3682000438524492e-09,0.3277,0.059,6.0
CRC,PW_HIT_COUNT,All_Pathway_Alteration_Count,0.0017846181549948,TP53;RTK_RAS;WNT;TGF_Beta;PI3K;DDR;MYC;Chromatin,mut/amp/del/sv,count of retained pathways with >=1 alteration (all pathways),TCF7L2,652,0.1527,0.696,2.74645923517328e-08,0.3626,0.0554,7.0
CRC,PW_HIT_COUNT,All_Pathway_Alteration_Count,0.0017846181549948,TP53;RTK_RAS;WNT;TGF_Beta;PI3K;DDR;MYC;Chromatin,mut/amp/del/sv,count of retained pathways with >=1 alteration (all pathways),KMT2B,375,0.0878,0.602,1.970024591829916e-08,0.5076,0.0446,8.0
CRC,PW_HIT_COUNT,All_Pathway_Alteration_Count,0.0017846181549948,TP53;RTK_RAS;WNT;TGF_Beta;PI3K;DDR;MYC;Chromatin,mut/amp/del/sv,count of retained pathways with >=1 alteration (all pathways),RNF43,431,0.101,0.654,1.224089312280739e-07,0.4239,0.0428,9.0
CRC,PW_HIT_COUNT,All_Pathway_Alteration_Count,0.0017846181549948,TP53;RTK_RAS;WNT;TGF_Beta;PI3K;DDR;MYC;Chromatin,mut/amp/del/sv,count of retained pathways with >=1 alteration (all pathways),ASXL1,434,0.1017,0.66,1.5929274284481646e-07,0.4155,0.0422,10.0
CRC,PW_HIT_COUNT,All_Pathway_Alteration_Count,0.0017846181549948,TP53;RTK_RAS;WNT;TGF_Beta;PI3K;DDR;MYC;Chromatin,mut/amp/del/sv,count of retained pathways with >=1 alteration (all pathways),MSH3,262,0.0614,0.539,2.822051600518353e-08,0.6179,0.0379,11.0
CRC,PW_HIT_COUNT,All_Pathway_Alteration_Count,0.0017846181549948,TP53;RTK_RAS;WNT;TGF_Beta;PI3K;DDR;MYC;Chromatin,mut/amp/del/sv,count of retained pathways with >=1 alteration (all pathways),KMT2C,348,0.0815,0.636,4.214046585220114e-07,0.453,0.0369,12.0
CRC,PW_HIT_COUNT,All_Pathway_Alteration_Count,0.0017846181549948,TP53;RTK_RAS;WNT;TGF_Beta;PI3K;DDR;MYC;Chromatin,mut/amp/del/sv,count of retained pathways with >=1 alteration (all pathways),CREBBP,284,0.0665,0.593,2.0609768337541645e-07,0.5222,0.0347,13.0
CRC,PW_HIT_COUNT,All_Pathway_Alteration_Count,0.0017846181549948,TP53;RTK_RAS;WNT;TGF_Beta;PI3K;DDR;MYC;Chromatin,mut/amp/del/sv,count of retained pathways with >=1 alteration (all pathways),POLD1,209,0.049,0.498,1.0537718314647368e-08,0.6973,0.0341,14.0
CRC,PW_HIT_COUNT,All_Pathway_Alteration_Count,0.0017846181549948,TP53;RTK_RAS;WNT;TGF_Beta;PI3K;DDR;MYC;Chromatin,mut/amp/del/sv,count of retained pathways with >=1 alteration (all pathways),MSH6,212,0.0497,0.557,6.601276793616871e-07,0.5851,0.0291,15.0
CRC,PW_HIT_COUNT,All_Pathway_Alteration_Count,0.0017846181549948,TP53;RTK_RAS;WNT;TGF_Beta;PI3K;DDR;MYC;Chromatin,mut/amp/del/sv,count of retained pathways with >=1 alteration (all pathways),ATM,369,0.0864,0.716,8.311060340429411e-05,0.3343,0.0289,16.0
CRC,PW_HIT_COUNT,All_Pathway_Alteration_Count,0.0017846181549948,TP53;RTK_RAS;WNT;TGF_Beta;PI3K;DDR;MYC;Chromatin,mut/amp/del/sv,count of retained pathways with >=1 alteration (all pathways),KMT2A,265,0.0621,0.629,6.009183051728388e-06,0.4639,0.0288,17.0
CRC,PW_HIT_COUNT,All_Pathway_Alteration_Count,0.0017846181549948,TP53;RTK_RAS;WNT;TGF_Beta;PI3K;DDR;MYC;Chromatin,mut/amp/del/sv,count of retained pathways with >=1 alteration (all pathways),NF1,252,0.059,0.623,7.80679548517702e-06,0.4733,0.0279,18.0
CRC,PW_HIT_COUNT,All_Pathway_Alteration_Count,0.0017846181549948,TP53;RTK_RAS;WNT;TGF_Beta;PI3K;DDR;MYC;Chromatin,mut/amp/del/sv,count of retained pathways with >=1 alteration (all pathways),SMARCA4,258,0.0604,0.644,1.859462578313725e-05,0.4399,0.0266,19.0
CRC,PW_HIT_COUNT,All_Pathway_Alteration_Count,0.0017846181549948,TP53;RTK_RAS;WNT;TGF_Beta;PI3K;DDR;MYC;Chromatin,mut/amp/del/sv,count of retained pathways with >=1 alteration (all pathways),ARID1B,264,0.0618,0.654,3.099192728696804e-05,0.4252,0.0263,20.0
CRC,PW_HIT_COUNT,All_Pathway_Alteration_Count,0.0017846181549948,TP53;RTK_RAS;WNT;TGF_Beta;PI3K;DDR;MYC;Chromatin,mut/amp/del/sv,count of retained pathways with >=1 alteration (all pathways),ABL1,137,0.0321,0.443,1.1017267332254998e-07,0.8142,0.0261,21.0
CRC,PW_HIT_COUNT,All_Pathway_Alteration_Count,0.0017846181549948,TP53;RTK_RAS;WNT;TGF_Beta;PI3K;DDR;MYC;Chromatin,mut/amp/del/sv,count of retained pathways with >=1 alteration (all pathways),MGA,254,0.0595,0.646,2.0599667289756505e-05,0.4368,0.026,22.0
CRC,PW_HIT_COUNT,All_Pathway_Alteration_Count,0.0017846181549948,TP53;RTK_RAS;WNT;TGF_Beta;PI3K;DDR;MYC;Chromatin,mut/amp/del/sv,count of retained pathways with >=1 alteration (all pathways),NCOR1,226,0.0529,0.612,8.057756606202562e-06,0.4914,0.026,22.0
CRC,PW_HIT_COUNT,All_Pathway_Alteration_Count,0.0017846181549948,TP53;RTK_RAS;WNT;TGF_Beta;PI3K;DDR;MYC;Chromatin,mut/amp/del/sv,count of retained pathways with >=1 alteration (all pathways),MSH2,137,0.0321,0.462,2.3942976378044865e-07,0.7713,0.0248,24.0
CRC,PW_HIT_COUNT,All_Pathway_Alteration_Count,0.0017846181549948,TP53;RTK_RAS;WNT;TGF_Beta;PI3K;DDR;MYC;Chromatin,mut/amp/del/sv,count of retained pathways with >=1 alteration (all pathways),SETD2,208,0.0487,0.609,1.2427412966843495e-05,0.4965,0.0242,25.0
CRC,PW_HIT_COUNT,All_Pathway_Alteration_Count,0.0017846181549948,TP53;RTK_RAS;WNT;TGF_Beta;PI3K;DDR;MYC;Chromatin,mut/amp/del/sv,count of retained pathways with >=1 alteration (all pathways),NSD1,165,0.0387,0.537,1.6163872120769664e-06,0.6218,0.024,26.0
CRC,PW_HIT_COUNT,All_Pathway_Alteration_Count,0.0017846181549948,TP53;RTK_RAS;WNT;TGF_Beta;PI3K;DDR;MYC;Chromatin,mut/amp/del/sv,count of retained pathways with >=1 alteration (all pathways),PIK3CA,903,0.2115,0.893,0.036728001436081154,0.1133,0.024,26.0
CRC,PW_HIT_COUNT,All_Pathway_Alteration_Count,0.0017846181549948,TP53;RTK_RAS;WNT;TGF_Beta;PI3K;DDR;MYC;Chromatin,mut/amp/del/sv,count of retained pathways with >=1 alteration (all pathways),POLE,249,0.0583,0.665,7.91311116886487e-05,0.4075,0.0238,28.0
CRC,PW_HIT_COUNT,All_Pathway_Alteration_Count,0.0017846181549948,TP53;RTK_RAS;WNT;TGF_Beta;PI3K;DDR;MYC;Chromatin,mut/amp/del/sv,count of retained pathways with >=1 alteration (all pathways),PTEN,301,0.0705,0.716,0.00025267882994075137,0.3345,0.0236,29.0
CRC,PW_HIT_COUNT,All_Pathway_Alteration_Count,0.0017846181549948,TP53;RTK_RAS;WNT;TGF_Beta;PI3K;DDR;MYC;Chromatin,mut/amp/del/sv,count of retained pathways with >=1 alteration (all pathways),BCOR,233,0.0546,0.665,0.00017422706640509995,0.4083,0.0223,30.0
CRC,PW_HIT_COUNT,All_Pathway_Alteration_Count,0.0017846181549948,TP53;RTK_RAS;WNT;TGF_Beta;PI3K;DDR;MYC;Chromatin,mut/amp/del/sv,count of retained pathways with >=1 alteration (all pathways),MYC,236,0.0553,1.476,1.0448774628666459e-05,0.3896,0.0215,31.0
CRC,PW_HIT_COUNT,All_Pathway_Alteration_Count,0.0017846181549948,TP53;RTK_RAS;WNT;TGF_Beta;PI3K;DDR;MYC;Chromatin,mut/amp/del/sv,count of retained pathways with >=1 alteration (all pathways),BRCA1,135,0.0316,0.513,4.719564970765799e-06,0.6672,0.0211,32.0
CRC,PW_HIT_COUNT,All_Pathway_Alteration_Count,0.0017846181549948,TP53;RTK_RAS;WNT;TGF_Beta;PI3K;DDR;MYC;Chromatin,mut/amp/del/sv,count of retained pathways with >=1 alteration (all pathways),TET1,196,0.0459,0.643,0.00013499948737794512,0.4409,0.0202,33.0
CRC,PW_HIT_COUNT,All_Pathway_Alteration_Count,0.0017846181549948,TP53;RTK_RAS;WNT;TGF_Beta;PI3K;DDR;MYC;Chromatin,mut/amp/del/sv,count of retained pathways with >=1 alteration (all pathways),TET2,168,0.0394,0.599,7.9391562562216e-05,0.5126,0.0202,33.0
CRC,PW_HIT_COUNT,All_Pathway_Alteration_Count,0.0017846181549948,TP53;RTK_RAS;WNT;TGF_Beta;PI3K;DDR;MYC;Chromatin,mut/amp/del/sv,count of retained pathways with >=1 alteration (all pathways),BRCA2,342,0.0801,0.779,0.003502668005330002,0.2496,0.02,35.0
CRC,PW_HIT_COUNT,All_Pathway_Alteration_Count,0.0017846181549948,TP53;RTK_RAS;WNT;TGF_Beta;PI3K;DDR;MYC;Chromatin,mut/amp/del/sv,count of retained pathways with >=1 alteration (all pathways),BLM,151,0.0354,0.577,6.683478115661558e-05,0.5494,0.0194,36.0
CRC,PW_HIT_COUNT,All_Pathway_Alteration_Count,0.0017846181549948,TP53;RTK_RAS;WNT;TGF_Beta;PI3K;DDR;MYC;Chromatin,mut/amp/del/sv,count of retained pathways with >=1 alteration (all pathways),NTRK3,162,0.0379,0.6,0.0001258542448273889,0.5101,0.0194,36.0
CRC,PW_HIT_COUNT,All_Pathway_Alteration_Count,0.0017846181549948,TP53;RTK_RAS;WNT;TGF_Beta;PI3K;DDR;MYC;Chromatin,mut/amp/del/sv,count of retained pathways with >=1 alteration (all pathways),DNMT3A,110,0.0258,0.475,9.768586870749929e-06,0.7441,0.0192,38.0
CRC,PW_HIT_COUNT,All_Pathway_Alteration_Count,0.0017846181549948,TP53;RTK_RAS;WNT;TGF_Beta;PI3K;DDR;MYC;Chromatin,mut/amp/del/sv,count of retained pathways with >=1 alteration (all pathways),IGF1R,172,0.0403,0.621,0.0001524981673647482,0.4771,0.0192,38.0
CRC,PW_HIT_COUNT,All_Pathway_Alteration_Count,0.0017846181549948,TP53;RTK_RAS;WNT;TGF_Beta;PI3K;DDR;MYC;Chromatin,mut/amp/del/sv,count of retained pathways with >=1 alteration (all pathways),PBRM1,174,0.0408,0.624,0.00014237926419054516,0.4716,0.0192,38.0
CRC,PW_HIT_COUNT,All_Pathway_Alteration_Count,0.0017846181549948,TP53;RTK_RAS;WNT;TGF_Beta;PI3K;DDR;MYC;Chromatin,mut/amp/del/sv,count of retained pathways with >=1 alteration (all pathways),TGFBR2,253,0.0593,0.723,0.0013146576051221719,0.3246,0.0192,38.0
CRC,PW_HIT_COUNT,All_Pathway_Alteration_Count,0.0017846181549948,TP53;RTK_RAS;WNT;TGF_Beta;PI3K;DDR;MYC;Chromatin,mut/amp/del/sv,count of retained pathways with >=1 alteration (all pathways),AXIN1,139,0.0326,0.562,5.149408043224535e-05,0.5761,0.0188,42.0
CRC,PW_HIT_COUNT,All_Pathway_Alteration_Count,0.0017846181549948,TP53;RTK_RAS;WNT;TGF_Beta;PI3K;DDR;MYC;Chromatin,mut/amp/del/sv,count of retained pathways with >=1 alteration (all pathways),TSC2,196,0.0459,0.664,0.0004129753334336824,0.4095,0.0188,42.0
CRC,PW_HIT_COUNT,All_Pathway_Alteration_Count,0.0017846181549948,TP53;RTK_RAS;WNT;TGF_Beta;PI3K;DDR;MYC;Chromatin,mut/amp/del/sv,count of retained pathways with >=1 alteration (all pathways),RASA1,154,0.0361,0.604,0.00015228581734956533,0.5049,0.0182,44.0
CRC,PW_HIT_COUNT,All_Pathway_Alteration_Count,0.0017846181549948,TP53;RTK_RAS;WNT;TGF_Beta;PI3K;DDR;MYC;Chromatin,mut/amp/del/sv,count of retained pathways with >=1 alteration (all pathways),AMER1,345,0.0808,0.799,0.008121569217942281,0.2238,0.0181,45.0
CRC,PW_HIT_COUNT,All_Pathway_Alteration_Count,0.0017846181549948,TP53;RTK_RAS;WNT;TGF_Beta;PI3K;DDR;MYC;Chromatin,mut/amp/del/sv,count of retained pathways with >=1 alteration (all pathways),CTNNB1,313,0.0733,0.783,0.006157053973760362,0.2442,0.0179,46.0
CRC,PW_HIT_COUNT,All_Pathway_Alteration_Count,0.0017846181549948,TP53;RTK_RAS;WNT;TGF_Beta;PI3K;DDR;MYC;Chromatin,mut/amp/del/sv,count of retained pathways with >=1 alteration (all pathways),FANCA,131,0.0307,0.557,5.784101181213444e-05,0.5843,0.0179,46.0
CRC,PW_HIT_COUNT,All_Pathway_Alteration_Count,0.0017846181549948,TP53;RTK_RAS;WNT;TGF_Beta;PI3K;DDR;MYC;Chromatin,mut/amp/del/sv,count of retained pathways with >=1 alteration (all pathways),EP300,231,0.0541,0.72,0.0019026686290008407,0.3289,0.0178,48.0
CRC,PW_HIT_COUNT,All_Pathway_Alteration_Count,0.0017846181549948,TP53;RTK_RAS;WNT;TGF_Beta;PI3K;DDR;MYC;Chromatin,mut/amp/del/sv,count of retained pathways with >=1 alteration (all pathways),ATR,188,0.044,0.669,0.0006912377199496275,0.4016,0.0177,49.0
CRC,PW_HIT_COUNT,All_Pathway_Alteration_Count,0.0017846181549948,TP53;RTK_RAS;WNT;TGF_Beta;PI3K;DDR;MYC;Chromatin,mut/amp/del/sv,count of retained pathways with >=1 alteration (all pathways),AXIN2,259,0.0607,0.758,0.005579389774479966,0.2767,0.0168,50.0
CRC,PW_HIT_COUNT,All_Pathway_Alteration_Count,0.0017846181549948,TP53;RTK_RAS;WNT;TGF_Beta;PI3K;DDR;MYC;Chromatin,mut/amp/del/sv,count of retained pathways with >=1 alteration (all pathways),RET,155,0.0363,0.636,0.0007460722667434045,0.452,0.0164,51.0
CRC,PW_HIT_COUNT,All_Pathway_Alteration_Count,0.0017846181549948,TP53;RTK_RAS;WNT;TGF_Beta;PI3K;DDR;MYC;Chromatin,mut/amp/del/sv,count of retained pathways with >=1 alteration (all pathways),ALK,220,0.0515,0.73,0.003205210253212717,0.3149,0.0162,52.0
CRC,PW_HIT_COUNT,All_Pathway_Alteration_Count,0.0017846181549948,TP53;RTK_RAS;WNT;TGF_Beta;PI3K;DDR;MYC;Chromatin,mut/amp/del/sv,count of retained pathways with >=1 alteration (all pathways),ERF,101,0.0237,0.504,0.00012268252399075878,0.686,0.0162,52.0
CRC,PW_HIT_COUNT,All_Pathway_Alteration_Count,0.0017846181549948,TP53;RTK_RAS;WNT;TGF_Beta;PI3K;DDR;MYC;Chromatin,mut/amp/del/sv,count of retained pathways with >=1 alteration (all pathways),RECQL4,271,0.0635,0.775,0.006298379066751011,0.2553,0.0162,52.0
CRC,PW_HIT_COUNT,All_Pathway_Alteration_Count,0.0017846181549948,TP53;RTK_RAS;WNT;TGF_Beta;PI3K;DDR;MYC;Chromatin,mut/amp/del/sv,count of retained pathways with >=1 alteration (all pathways),ATRX,201,0.0471,0.711,0.0023694276499286087,0.3412,0.0161,55.0
CRC,PW_HIT_COUNT,All_Pathway_Alteration_Count,0.0017846181549948,TP53;RTK_RAS;WNT;TGF_Beta;PI3K;DDR;MYC;Chromatin,mut/amp/del/sv,count of retained pathways with >=1 alteration (all pathways),PDGFRA,140,0.0328,0.614,0.0004183070531397666,0.4883,0.016,56.0
CRC,PW_HIT_COUNT,All_Pathway_Alteration_Count,0.0017846181549948,TP53;RTK_RAS;WNT;TGF_Beta;PI3K;DDR;MYC;Chromatin,mut/amp/del/sv,count of retained pathways with >=1 alteration (all pathways),IRS2,248,0.0581,0.761,0.0065838486501314086,0.273,0.0159,57.0
CRC,PW_HIT_COUNT,All_Pathway_Alteration_Count,0.0017846181549948,TP53;RTK_RAS;WNT;TGF_Beta;PI3K;DDR;MYC;Chromatin,mut/amp/del/sv,count of retained pathways with >=1 alteration (all pathways),MLH1,123,0.0288,0.579,0.0003452652782837129,0.5464,0.0157,58.0
CRC,PW_HIT_COUNT,All_Pathway_Alteration_Count,0.0017846181549948,TP53;RTK_RAS;WNT;TGF_Beta;PI3K;DDR;MYC;Chromatin,mut/amp/del/sv,count of retained pathways with >=1 alteration (all pathways),PIK3R1,236,0.0553,0.756,0.006034413288428268,0.2802,0.0155,59.0
CRC,PW_HIT_COUNT,All_Pathway_Alteration_Count,0.0017846181549948,TP53;RTK_RAS;WNT;TGF_Beta;PI3K;DDR;MYC;Chromatin,mut/amp/del/sv,count of retained pathways with >=1 alteration (all pathways),FGFR3,101,0.0237,0.525,0.00014310783261475387,0.6443,0.0152,60.0
CRC,PW_HIT_COUNT,All_Pathway_Alteration_Count,0.0017846181549948,TP53;RTK_RAS;WNT;TGF_Beta;PI3K;DDR;MYC;Chromatin,mut/amp/del/sv,count of retained pathways with >=1 alteration (all pathways),KIT,115,0.0269,0.574,0.00044958613922920784,0.5555,0.015,61.0
CRC,PW_HIT_COUNT,All_Pathway_Alteration_Count,0.0017846181549948,TP53;RTK_RAS;WNT;TGF_Beta;PI3K;DDR;MYC;Chromatin,mut/amp/del/sv,count of retained pathways with >=1 alteration (all pathways),TSC1,109,0.0255,0.558,0.00021372237401679118,0.5835,0.0149,62.0
CRC,PW_HIT_COUNT,All_Pathway_Alteration_Count,0.0017846181549948,TP53;RTK_RAS;WNT;TGF_Beta;PI3K;DDR;MYC;Chromatin,mut/amp/del/sv,count of retained pathways with >=1 alteration (all pathways),RICTOR,130,0.0305,0.617,0.0005847486239977423,0.4826,0.0147,63.0
CRC,PW_HIT_COUNT,All_Pathway_Alteration_Count,0.0017846181549948,TP53;RTK_RAS;WNT;TGF_Beta;PI3K;DDR;MYC;Chromatin,mut/amp/del/sv,count of retained pathways with >=1 alteration (all pathways),BRIP1,92,0.0216,0.516,0.0002521508337344411,0.661,0.0142,64.0
CRC,PW_HIT_COUNT,All_Pathway_Alteration_Count,0.0017846181549948,TP53;RTK_RAS;WNT;TGF_Beta;PI3K;DDR;MYC;Chromatin,mut/amp/del/sv,count of retained pathways with >=1 alteration (all pathways),PIK3R3,56,0.0131,0.351,4.369661231842313e-05,1.0465,0.0137,65.0
CRC,PW_HIT_COUNT,All_Pathway_Alteration_Count,0.0017846181549948,TP53;RTK_RAS;WNT;TGF_Beta;PI3K;DDR;MYC;Chromatin,mut/amp/del/sv,count of retained pathways with >=1 alteration (all pathways),PPP2R1A,110,0.0258,0.589,0.0009771499250152895,0.5287,0.0136,66.0
CRC,PW_HIT_COUNT,All_Pathway_Alteration_Count,0.0017846181549948,TP53;RTK_RAS;WNT;TGF_Beta;PI3K;DDR;MYC;Chromatin,mut/amp/del/sv,count of retained pathways with >=1 alteration (all pathways),ERBB3,224,0.0525,0.776,0.015805626040292304,0.2537,0.0133,67.0
CRC,PW_HIT_COUNT,All_Pathway_Alteration_Count,0.0017846181549948,TP53;RTK_RAS;WNT;TGF_Beta;PI3K;DDR;MYC;Chromatin,mut/amp/del/sv,count of retained pathways with >=1 alteration (all pathways),BRAF,461,0.108,1.129,0.07908306199683238,0.1214,0.0131,68.0
CRC,PW_HIT_COUNT,All_Pathway_Alteration_Count,0.0017846181549948,TP53;RTK_RAS;WNT;TGF_Beta;PI3K;DDR;MYC;Chromatin,mut/amp/del/sv,count of retained pathways with >=1 alteration (all pathways),MUTYH,67,0.0157,0.436,0.00014462266632626655,0.8304,0.013,69.0
CRC,PW_HIT_COUNT,All_Pathway_Alteration_Count,0.0017846181549948,TP53;RTK_RAS;WNT;TGF_Beta;PI3K;DDR;MYC;Chromatin,mut/amp/del/sv,count of retained pathways with >=1 alteration (all pathways),PIK3CB,114,0.0267,0.621,0.0014505131400300208,0.4765,0.0127,70.0
CRC,PW_HIT_COUNT,All_Pathway_Alteration_Count,0.0017846181549948,TP53;RTK_RAS;WNT;TGF_Beta;PI3K;DDR;MYC;Chromatin,mut/amp/del/sv,count of retained pathways with >=1 alteration (all pathways),ERBB4,242,0.0567,0.804,0.028408526042420258,0.2182,0.0124,71.0
CRC,PW_HIT_COUNT,All_Pathway_Alteration_Count,0.0017846181549948,TP53;RTK_RAS;WNT;TGF_Beta;PI3K;DDR;MYC;Chromatin,mut/amp/del/sv,count of retained pathways with >=1 alteration (all pathways),RAF1,91,0.0213,0.567,0.000992365342476512,0.5682,0.0121,72.0
CRC,PW_HIT_COUNT,All_Pathway_Alteration_Count,0.0017846181549948,TP53;RTK_RAS;WNT;TGF_Beta;PI3K;DDR;MYC;Chromatin,mut/amp/del/sv,count of retained pathways with >=1 alteration (all pathways),MTOR,235,0.055,0.804,0.030061540439599556,0.2178,0.012,73.0
CRC,PW_HIT_COUNT,All_Pathway_Alteration_Count,0.0017846181549948,TP53;RTK_RAS;WNT;TGF_Beta;PI3K;DDR;MYC;Chromatin,mut/amp/del/sv,count of retained pathways with >=1 alteration (all pathways),ROS1,176,0.0412,0.748,0.01439230193030525,0.2906,0.012,73.0
CRC,PW_HIT_COUNT,All_Pathway_Alteration_Count,0.0017846181549948,TP53;RTK_RAS;WNT;TGF_Beta;PI3K;DDR;MYC;Chromatin,mut/amp/del/sv,count of retained pathways with >=1 alteration (all pathways),ASXL2,124,0.029,0.667,0.00541983386806785,0.405,0.0118,75.0
CRC,PW_HIT_COUNT,All_Pathway_Alteration_Count,0.0017846181549948,TP53;RTK_RAS;WNT;TGF_Beta;PI3K;DDR;MYC;Chromatin,mut/amp/del/sv,count of retained pathways with >=1 alteration (all pathways),FGFR4,110,0.0258,0.639,0.004634481425082088,0.4477,0.0115,76.0
CRC,PW_HIT_COUNT,All_Pathway_Alteration_Count,0.0017846181549948,TP53;RTK_RAS;WNT;TGF_Beta;PI3K;DDR;MYC;Chromatin,mut/amp/del/sv,count of retained pathways with >=1 alteration (all pathways),KDM5C,142,0.0333,0.71,0.010046363781775034,0.3431,0.0114,77.0
CRC,PW_HIT_COUNT,All_Pathway_Alteration_Count,0.0017846181549948,TP53;RTK_RAS;WNT;TGF_Beta;PI3K;DDR;MYC;Chromatin,mut/amp/del/sv,count of retained pathways with >=1 alteration (all pathways),NBN,129,0.0302,0.695,0.009188465510502066,0.3643,0.011,78.0
CRC,PW_HIT_COUNT,All_Pathway_Alteration_Count,0.0017846181549948,TP53;RTK_RAS;WNT;TGF_Beta;PI3K;DDR;MYC;Chromatin,mut/amp/del/sv,count of retained pathways with >=1 alteration (all pathways),RAD50,129,0.0302,0.694,0.009116323479528343,0.3647,0.011,78.0
CRC,PW_HIT_COUNT,All_Pathway_Alteration_Count,0.0017846181549948,TP53;RTK_RAS;WNT;TGF_Beta;PI3K;DDR;MYC;Chromatin,mut/amp/del/sv,count of retained pathways with >=1 alteration (all pathways),RPTOR,112,0.0262,0.659,0.006977184289947984,0.4169,0.0109,80.0
CRC,PW_HIT_COUNT,All_Pathway_Alteration_Count,0.0017846181549948,TP53;RTK_RAS;WNT;TGF_Beta;PI3K;DDR;MYC;Chromatin,mut/amp/del/sv,count of retained pathways with >=1 alteration (all pathways),ERRFI1,46,0.0108,0.373,0.0003767220086409458,0.9864,0.0106,81.0
CRC,PW_HIT_COUNT,All_Pathway_Alteration_Count,0.0017846181549948,TP53;RTK_RAS;WNT;TGF_Beta;PI3K;DDR;MYC;Chromatin,mut/amp/del/sv,count of retained pathways with >=1 alteration (all pathways),PDGFRB,139,0.0326,0.723,0.015429551015305932,0.3246,0.0106,81.0
CRC,PW_HIT_COUNT,All_Pathway_Alteration_Count,0.0017846181549948,TP53;RTK_RAS;WNT;TGF_Beta;PI3K;DDR;MYC;Chromatin,mut/amp/del/sv,count of retained pathways with >=1 alteration (all pathways),ARID2,190,0.0445,0.79,0.0376054425247399,0.2352,0.0105,83.0
CRC,PW_HIT_COUNT,All_Pathway_Alteration_Count,0.0017846181549948,TP53;RTK_RAS;WNT;TGF_Beta;PI3K;DDR;MYC;Chromatin,mut/amp/del/sv,count of retained pathways with >=1 alteration (all pathways),BAP1,84,0.0197,0.587,0.00386069076527116,0.5333,0.0105,83.0
CRC,PW_HIT_COUNT,All_Pathway_Alteration_Count,0.0017846181549948,TP53;RTK_RAS;WNT;TGF_Beta;PI3K;DDR;MYC;Chromatin,mut/amp/del/sv,count of retained pathways with >=1 alteration (all pathways),PALB2,114,0.0267,0.674,0.00901273631728351,0.3945,0.0105,83.0
CRC,PW_HIT_COUNT,All_Pathway_Alteration_Count,0.0017846181549948,TP53;RTK_RAS;WNT;TGF_Beta;PI3K;DDR;MYC;Chromatin,mut/amp/del/sv,count of retained pathways with >=1 alteration (all pathways),MYCN,76,0.0178,0.562,0.0029746605354006184,0.5765,0.0103,86.0
CRC,PW_HIT_COUNT,All_Pathway_Alteration_Count,0.0017846181549948,TP53;RTK_RAS;WNT;TGF_Beta;PI3K;DDR;MYC;Chromatin,mut/amp/del/sv,count of retained pathways with >=1 alteration (all pathways),BARD1,87,0.0204,0.611,0.004994015075313272,0.4933,0.0101,87.0
CRC,PW_HIT_COUNT,All_Pathway_Alteration_Count,0.0017846181549948,TP53;RTK_RAS;WNT;TGF_Beta;PI3K;DDR;MYC;Chromatin,mut/amp/del/sv,count of retained pathways with >=1 alteration (all pathways),ARAF,109,0.0255,0.676,0.011162771670865322,0.3908,0.01,88.0
CRC,PW_HIT_COUNT,All_Pathway_Alteration_Count,0.0017846181549948,TP53;RTK_RAS;WNT;TGF_Beta;PI3K;DDR;MYC;Chromatin,mut/amp/del/sv,count of retained pathways with >=1 alteration (all pathways),ERBB2,330,0.0773,0.879,0.12403904922697466,0.1287,0.01,88.0
CRC,PW_HIT_COUNT,All_Pathway_Alteration_Count,0.0017846181549948,TP53;RTK_RAS;WNT;TGF_Beta;PI3K;DDR;MYC;Chromatin,mut/amp/del/sv,count of retained pathways with >=1 alteration (all pathways),PIK3R2,100,0.0234,0.657,0.01025607820248859,0.4198,0.0098,90.0
CRC,PW_HIT_COUNT,All_Pathway_Alteration_Count,0.0017846181549948,TP53;RTK_RAS;WNT;TGF_Beta;PI3K;DDR;MYC;Chromatin,mut/amp/del/sv,count of retained pathways with >=1 alteration (all pathways),EGFR,168,0.0394,0.783,0.03956546536934151,0.244,0.0096,91.0
CRC,PW_HIT_COUNT,All_Pathway_Alteration_Count,0.0017846181549948,TP53;RTK_RAS;WNT;TGF_Beta;PI3K;DDR;MYC;Chromatin,mut/amp/del/sv,count of retained pathways with >=1 alteration (all pathways),ERCC5,177,0.0415,0.793,0.048853710020756204,0.2322,0.0096,91.0
CRC,PW_HIT_COUNT,All_Pathway_Alteration_Count,0.0017846181549948,TP53;RTK_RAS;WNT;TGF_Beta;PI3K;DDR;MYC;Chromatin,mut/amp/del/sv,count of retained pathways with >=1 alteration (all pathways),NSD2,109,0.0255,0.687,0.018962073085995023,0.3752,0.0096,91.0
CRC,PW_HIT_COUNT,All_Pathway_Alteration_Count,0.0017846181549948,TP53;RTK_RAS;WNT;TGF_Beta;PI3K;DDR;MYC;Chromatin,mut/amp/del/sv,count of retained pathways with >=1 alteration (all pathways),SOS1,90,0.0211,0.633,0.01017620543929863,0.4577,0.0096,91.0
CRC,PW_HIT_COUNT,All_Pathway_Alteration_Count,0.0017846181549948,TP53;RTK_RAS;WNT;TGF_Beta;PI3K;DDR;MYC;Chromatin,mut/amp/del/sv,count of retained pathways with >=1 alteration (all pathways),NTRK1,115,0.0269,0.706,0.014474636813029766,0.3487,0.0094,95.0
CRC,PW_HIT_COUNT,All_Pathway_Alteration_Count,0.0017846181549948,TP53;RTK_RAS;WNT;TGF_Beta;PI3K;DDR;MYC;Chromatin,mut/amp/del/sv,count of retained pathways with >=1 alteration (all pathways),ZNRF3,87,0.0204,0.629,0.032393945923160805,0.4633,0.0094,95.0
CRC,PW_HIT_COUNT,All_Pathway_Alteration_Count,0.0017846181549948,TP53;RTK_RAS;WNT;TGF_Beta;PI3K;DDR;MYC;Chromatin,mut/amp/del/sv,count of retained pathways with >=1 alteration (all pathways),CBL,64,0.015,0.554,0.006882913780328425,0.5911,0.0089,97.0
CRC,PW_HIT_COUNT,All_Pathway_Alteration_Count,0.0017846181549948,TP53;RTK_RAS;WNT;TGF_Beta;PI3K;DDR;MYC;Chromatin,mut/amp/del/sv,count of retained pathways with >=1 alteration (all pathways),ERCC4,82,0.0192,0.637,0.014540632437491112,0.4507,0.0087,98.0
CRC,PW_HIT_COUNT,All_Pathway_Alteration_Count,0.0017846181549948,TP53;RTK_RAS;WNT;TGF_Beta;PI3K;DDR;MYC;Chromatin,mut/amp/del/sv,count of retained pathways with >=1 alteration (all pathways),CHEK1,60,0.0141,0.548,0.008179553536348591,0.601,0.0084,99.0
CRC,PW_HIT_COUNT,All_Pathway_Alteration_Count,0.0017846181549948,TP53;RTK_RAS;WNT;TGF_Beta;PI3K;DDR;MYC;Chromatin,mut/amp/del/sv,count of retained pathways with >=1 alteration (all pathways),SMAD2,235,0.055,1.163,0.10170119103501979,0.1514,0.0083,100.0
CRC,PW_HIT_COUNT,All_Pathway_Alteration_Count,0.0017846181549948,TP53;RTK_RAS;WNT;TGF_Beta;PI3K;DDR;MYC;Chromatin,mut/amp/del/sv,count of retained pathways with >=1 alteration (all pathways),AKT1,95,0.0223,0.694,0.024031370665780896,0.3653,0.0081,101.0
CRC,PW_HIT_COUNT,All_Pathway_Alteration_Count,0.0017846181549948,TP53;RTK_RAS;WNT;TGF_Beta;PI3K;DDR;MYC;Chromatin,mut/amp/del/sv,count of retained pathways with >=1 alteration (all pathways),ERCC3,76,0.0178,0.643,0.014998119001889514,0.4409,0.0078,102.0
CRC,PW_HIT_COUNT,All_Pathway_Alteration_Count,0.0017846181549948,TP53;RTK_RAS;WNT;TGF_Beta;PI3K;DDR;MYC;Chromatin,mut/amp/del/sv,count of retained pathways with >=1 alteration (all pathways),NRAS,179,0.0419,1.196,0.08041438648876628,0.1793,0.0075,103.0
CRC,PW_HIT_COUNT,All_Pathway_Alteration_Count,0.0017846181549948,TP53;RTK_RAS;WNT;TGF_Beta;PI3K;DDR;MYC;Chromatin,mut/amp/del/sv,count of retained pathways with >=1 alteration (all pathways),MET,118,0.0276,0.77,0.06905244643295055,0.2608,0.0072,104.0
CRC,PW_HIT_COUNT,All_Pathway_Alteration_Count,0.0017846181549948,TP53;RTK_RAS;WNT;TGF_Beta;PI3K;DDR;MYC;Chromatin,mut/amp/del/sv,count of retained pathways with >=1 alteration (all pathways),NTRK2,92,0.0216,0.717,0.039470467676709586,0.3321,0.0072,104.0
CRC,PW_HIT_COUNT,All_Pathway_Alteration_Count,0.0017846181549948,TP53;RTK_RAS;WNT;TGF_Beta;PI3K;DDR;MYC;Chromatin,mut/amp/del/sv,count of retained pathways with >=1 alteration (all pathways),ERCC2,93,0.0218,0.724,0.04814463909050504,0.3225,0.007,106.0
CRC,PW_HIT_COUNT,All_Pathway_Alteration_Count,0.0017846181549948,TP53;RTK_RAS;WNT;TGF_Beta;PI3K;DDR;MYC;Chromatin,mut/amp/del/sv,count of retained pathways with >=1 alteration (all pathways),TGFBR1,88,0.0206,0.717,0.043185516750603656,0.3325,0.0069,107.0
CRC,PW_HIT_COUNT,All_Pathway_Alteration_Count,0.0017846181549948,TP53;RTK_RAS;WNT;TGF_Beta;PI3K;DDR;MYC;Chromatin,mut/amp/del/sv,count of retained pathways with >=1 alteration (all pathways),CHEK2,66,0.0155,0.642,0.023494580298538043,0.443,0.0068,108.0
CRC,PW_HIT_COUNT,All_Pathway_Alteration_Count,0.0017846181549948,TP53;RTK_RAS;WNT;TGF_Beta;PI3K;DDR;MYC;Chromatin,mut/amp/del/sv,count of retained pathways with >=1 alteration (all pathways),MAPKAP1,49,0.0115,0.553,0.015820803465120454,0.5918,0.0068,108.0
CRC,PW_HIT_COUNT,All_Pathway_Alteration_Count,0.0017846181549948,TP53;RTK_RAS;WNT;TGF_Beta;PI3K;DDR;MYC;Chromatin,mut/amp/del/sv,count of retained pathways with >=1 alteration (all pathways),AKT3,63,0.0148,0.643,0.028152125623057512,0.4414,0.0065,110.0
CRC,PW_HIT_COUNT,All_Pathway_Alteration_Count,0.0017846181549948,TP53;RTK_RAS;WNT;TGF_Beta;PI3K;DDR;MYC;Chromatin,mut/amp/del/sv,count of retained pathways with >=1 alteration (all pathways),IDH2,62,0.0145,0.658,0.04238779678691187,0.4188,0.0061,111.0
CRC,PW_HIT_COUNT,All_Pathway_Alteration_Count,0.0017846181549948,TP53;RTK_RAS;WNT;TGF_Beta;PI3K;DDR;MYC;Chromatin,mut/amp/del/sv,count of retained pathways with >=1 alteration (all pathways),JAK2,84,0.0197,0.739,0.08059145363043559,0.3026,0.006,112.0
CRC,PW_HIT_COUNT,All_Pathway_Alteration_Count,0.0017846181549948,TP53;RTK_RAS;WNT;TGF_Beta;PI3K;DDR;MYC;Chromatin,mut/amp/del/sv,count of retained pathways with >=1 alteration (all pathways),FANCC,50,0.0117,0.609,0.029463417385352852,0.496,0.0058,113.0
CRC,PW_HIT_COUNT,All_Pathway_Alteration_Count,0.0017846181549948,TP53;RTK_RAS;WNT;TGF_Beta;PI3K;DDR;MYC;Chromatin,mut/amp/del/sv,count of retained pathways with >=1 alteration (all pathways),EZH2,70,0.0164,0.717,0.07932472161392694,0.3322,0.0054,114.0
CRC,PW_HIT_COUNT,All_Pathway_Alteration_Count,0.0017846181549948,TP53;RTK_RAS;WNT;TGF_Beta;PI3K;DDR;MYC;Chromatin,mut/amp/del/sv,count of retained pathways with >=1 alteration (all pathways),SMARCB1,73,0.0171,0.741,0.0900593176673162,0.2999,0.0051,115.0
CRC,PW_HIT_COUNT,All_Pathway_Alteration_Count,0.0017846181549948,TP53;RTK_RAS;WNT;TGF_Beta;PI3K;DDR;MYC;Chromatin,mut/amp/del/sv,count of retained pathways with >=1 alteration (all pathways),FGFR2,89,0.0208,0.803,0.17048681687966874,0.2194,0.0046,116.0
CRC,PW_HIT_COUNT,All_Pathway_Alteration_Count,0.0017846181549948,TP53;RTK_RAS;WNT;TGF_Beta;PI3K;DDR;MYC;Chromatin,mut/amp/del/sv,count of retained pathways with >=1 alteration (all pathways),GSK3B,49,0.0115,0.67,0.09199479218180964,0.4007,0.0046,116.0
CRC,PW_HIT_COUNT,All_Pathway_Alteration_Count,0.0017846181549948,TP53;RTK_RAS;WNT;TGF_Beta;PI3K;DDR;MYC;Chromatin,mut/amp/del/sv,count of retained pathways with >=1 alteration (all pathways),IDH1,59,0.0138,0.719,0.10904876564327817,0.3302,0.0046,116.0
CRC,PW_HIT_COUNT,All_Pathway_Alteration_Count,0.0017846181549948,TP53;RTK_RAS;WNT;TGF_Beta;PI3K;DDR;MYC;Chromatin,mut/amp/del/sv,count of retained pathways with >=1 alteration (all pathways),RIT1,37,0.0087,0.592,0.039018449716085604,0.5242,0.0045,119.0
CRC,PW_HIT_COUNT,All_Pathway_Alteration_Count,0.0017846181549948,TP53;RTK_RAS;WNT;TGF_Beta;PI3K;DDR;MYC;Chromatin,mut/amp/del/sv,count of retained pathways with >=1 alteration (all pathways),PMS2,72,0.0169,0.769,0.15215390262928866,0.263,0.0044,120.0
CRC,PW_HIT_COUNT,All_Pathway_Alteration_Count,0.0017846181549948,TP53;RTK_RAS;WNT;TGF_Beta;PI3K;DDR;MYC;Chromatin,mut/amp/del/sv,count of retained pathways with >=1 alteration (all pathways),RAD51D,24,0.0056,0.463,0.027618542467057604,0.7691,0.0043,121.0
CRC,PW_HIT_COUNT,All_Pathway_Alteration_Count,0.0017846181549948,TP53;RTK_RAS;WNT;TGF_Beta;PI3K;DDR;MYC;Chromatin,mut/amp/del/sv,count of retained pathways with >=1 alteration (all pathways),SUZ12,55,0.0129,0.723,0.11938712912650386,0.3247,0.0042,122.0
CRC,PW_HIT_COUNT,All_Pathway_Alteration_Count,0.0017846181549948,TP53;RTK_RAS;WNT;TGF_Beta;PI3K;DDR;MYC;Chromatin,mut/amp/del/sv,count of retained pathways with >=1 alteration (all pathways),FGFR1,245,0.0574,0.932,0.44846825529964374,0.0706,0.0041,123.0
CRC,PW_HIT_COUNT,All_Pathway_Alteration_Count,0.0017846181549948,TP53;RTK_RAS;WNT;TGF_Beta;PI3K;DDR;MYC;Chromatin,mut/amp/del/sv,count of retained pathways with >=1 alteration (all pathways),KDM6A,116,0.0272,0.862,0.2903420209100826,0.1481,0.004,124.0
CRC,PW_HIT_COUNT,All_Pathway_Alteration_Count,0.0017846181549948,TP53;RTK_RAS;WNT;TGF_Beta;PI3K;DDR;MYC;Chromatin,mut/amp/del/sv,count of retained pathways with >=1 alteration (all pathways),RAD51C,34,0.008,0.61,0.07494980136405649,0.4942,0.0039,125.0
CRC,PW_HIT_COUNT,All_Pathway_Alteration_Count,0.0017846181549948,TP53;RTK_RAS;WNT;TGF_Beta;PI3K;DDR;MYC;Chromatin,mut/amp/del/sv,count of retained pathways with >=1 alteration (all pathways),MDM4,31,0.0073,0.664,0.15080389547922216,0.4098,0.003,126.0
CRC,PW_HIT_COUNT,All_Pathway_Alteration_Count,0.0017846181549948,TP53;RTK_RAS;WNT;TGF_Beta;PI3K;DDR;MYC;Chromatin,mut/amp/del/sv,count of retained pathways with >=1 alteration (all pathways),SMAD3,219,0.0513,1.058,0.556493611443216,0.0564,0.0029,127.0
CRC,PW_HIT_COUNT,All_Pathway_Alteration_Count,0.0017846181549948,TP53;RTK_RAS;WNT;TGF_Beta;PI3K;DDR;MYC;Chromatin,mut/amp/del/sv,count of retained pathways with >=1 alteration (all pathways),PTPN11,65,0.0152,0.831,0.3322468079198604,0.1855,0.0028,128.0
CRC,PW_HIT_COUNT,All_Pathway_Alteration_Count,0.0017846181549948,TP53;RTK_RAS;WNT;TGF_Beta;PI3K;DDR;MYC;Chromatin,mut/amp/del/sv,count of retained pathways with >=1 alteration (all pathways),MYCL,26,0.0061,0.639,0.21404573484854875,0.4471,0.0027,129.0
CRC,PW_HIT_COUNT,All_Pathway_Alteration_Count,0.0017846181549948,TP53;RTK_RAS;WNT;TGF_Beta;PI3K;DDR;MYC;Chromatin,mut/amp/del/sv,count of retained pathways with >=1 alteration (all pathways),RHEB,19,0.0045,0.568,0.11060128350693292,0.5664,0.0025,130.0
CRC,PW_HIT_COUNT,All_Pathway_Alteration_Count,0.0017846181549948,TP53;RTK_RAS;WNT;TGF_Beta;PI3K;DDR;MYC;Chromatin,mut/amp/del/sv,count of retained pathways with >=1 alteration (all pathways),MDM2,27,0.0063,0.705,0.2348163802426338,0.3492,0.0022,131.0
CRC,PW_HIT_COUNT,All_Pathway_Alteration_Count,0.0017846181549948,TP53;RTK_RAS;WNT;TGF_Beta;PI3K;DDR;MYC;Chromatin,mut/amp/del/sv,count of retained pathways with >=1 alteration (all pathways),SMARCD1,50,0.0117,0.832,0.40182294641971184,0.1843,0.0022,131.0
CRC,PW_HIT_COUNT,All_Pathway_Alteration_Count,0.0017846181549948,TP53;RTK_RAS;WNT;TGF_Beta;PI3K;DDR;MYC;Chromatin,mut/amp/del/sv,count of retained pathways with >=1 alteration (all pathways),EED,22,0.0052,0.669,0.22621642630030406,0.4025,0.0021,133.0
CRC,PW_HIT_COUNT,All_Pathway_Alteration_Count,0.0017846181549948,TP53;RTK_RAS;WNT;TGF_Beta;PI3K;DDR;MYC;Chromatin,mut/amp/del/sv,count of retained pathways with >=1 alteration (all pathways),HRAS,39,0.0091,0.794,0.3320090345890529,0.231,0.0021,133.0
CRC,PW_HIT_COUNT,All_Pathway_Alteration_Count,0.0017846181549948,TP53;RTK_RAS;WNT;TGF_Beta;PI3K;DDR;MYC;Chromatin,mut/amp/del/sv,count of retained pathways with >=1 alteration (all pathways),MAP2K1,66,0.0155,0.885,0.5042392344353848,0.1221,0.0019,135.0
CRC,PW_HIT_COUNT,All_Pathway_Alteration_Count,0.0017846181549948,TP53;RTK_RAS;WNT;TGF_Beta;PI3K;DDR;MYC;Chromatin,mut/amp/del/sv,count of retained pathways with >=1 alteration (all pathways),SMARCE1,29,0.0068,0.767,0.43598519625239474,0.2654,0.0018,136.0
CRC,PW_HIT_COUNT,All_Pathway_Alteration_Count,0.0017846181549948,TP53;RTK_RAS;WNT;TGF_Beta;PI3K;DDR;MYC;Chromatin,mut/amp/del/sv,count of retained pathways with >=1 alteration (all pathways),RAC1,35,0.0082,0.814,0.43995881904974954,0.2055,0.0017,137.0
CRC,PW_HIT_COUNT,All_Pathway_Alteration_Count,0.0017846181549948,TP53;RTK_RAS;WNT;TGF_Beta;PI3K;DDR;MYC;Chromatin,mut/amp/del/sv,count of retained pathways with >=1 alteration (all pathways),FLT3,292,0.0684,0.984,0.8565822449505839,0.0158,0.0011,138.0
CRC,PW_HIT_COUNT,All_Pathway_Alteration_Count,0.0017846181549948,TP53;RTK_RAS;WNT;TGF_Beta;PI3K;DDR;MYC;Chromatin,mut/amp/del/sv,count of retained pathways with >=1 alteration (all pathways),MAP2K2,46,0.0108,0.903,0.6498917789784937,0.1018,0.0011,138.0
CRC,PW_HIT_COUNT,All_Pathway_Alteration_Count,0.0017846181549948,TP53;RTK_RAS;WNT;TGF_Beta;PI3K;DDR;MYC;Chromatin,mut/amp/del/sv,count of retained pathways with >=1 alteration (all pathways),STK11,62,0.0145,0.925,0.6902138978173888,0.0777,0.0011,138.0
CRC,PW_HIT_COUNT,All_Pathway_Alteration_Count,0.0017846181549948,TP53;RTK_RAS;WNT;TGF_Beta;PI3K;DDR;MYC;Chromatin,mut/amp/del/sv,count of retained pathways with >=1 alteration (all pathways),RAD51B,22,0.0052,0.861,0.6440253951737445,0.15,0.0008,141.0
CRC,PW_HIT_COUNT,All_Pathway_Alteration_Count,0.0017846181549948,TP53;RTK_RAS;WNT;TGF_Beta;PI3K;DDR;MYC;Chromatin,mut/amp/del/sv,count of retained pathways with >=1 alteration (all pathways),MAX,22,0.0052,1.083,0.781986432107324,0.08,0.0004,142.0
CRC,PW_HIT_COUNT,All_Pathway_Alteration_Count,0.0017846181549948,TP53;RTK_RAS;WNT;TGF_Beta;PI3K;DDR;MYC;Chromatin,mut/amp/del/sv,count of retained pathways with >=1 alteration (all pathways),INPP4B,93,0.0218,0.985,0.9198989670678327,0.0151,0.0003,143.0
CRC,PW_HIT_COUNT,All_Pathway_Alteration_Count,0.0017846181549948,TP53;RTK_RAS;WNT;TGF_Beta;PI3K;DDR;MYC;Chromatin,mut/amp/del/sv,count of retained pathways with >=1 alteration (all pathways),MAPK1,30,0.007,0.97,0.9054749427345804,0.0307,0.0002,144.0
CRC,PW_HIT_COUNT,All_Pathway_Alteration_Count,0.0017846181549948,TP53;RTK_RAS;WNT;TGF_Beta;PI3K;DDR;MYC;Chromatin,mut/amp/del/sv,count of retained pathways with >=1 alteration (all pathways),AKT2,72,0.0169,1.001,0.9961852722177784,0.0008,0.0,145.0
CRC,PW_HIT_COUNT,All_Pathway_Alteration_Count,0.0017846181549948,TP53;RTK_RAS;WNT;TGF_Beta;PI3K;DDR;MYC;Chromatin,mut/amp/del/sv,count of retained pathways with >=1 alteration (all pathways),LGR5,1,0.0002,,,,,
CRC,PW_HIT_COUNT,All_Pathway_Alteration_Count,0.0017846181549948,TP53;RTK_RAS;WNT;TGF_Beta;PI3K;DDR;MYC;Chromatin,mut/amp/del/sv,count of retained pathways with >=1 alteration (all pathways),LRP6,1,0.0002,,,,,
CRC,PW_HIT_COUNT,All_Pathway_Alteration_Count,0.0017846181549948,TP53;RTK_RAS;WNT;TGF_Beta;PI3K;DDR;MYC;Chromatin,mut/amp/del/sv,count of retained pathways with >=1 alteration (all pathways),MBD3,1,0.0002,,,,,
CRC,PW_HIT_COUNT,All_Pathway_Alteration_Count,0.0017846181549948,TP53;RTK_RAS;WNT;TGF_Beta;PI3K;DDR;MYC;Chromatin,mut/amp/del/sv,count of retained pathways with >=1 alteration (all pathways),MRE11,1,0.0002,,,,,
CRC,PW_RTK_RAS_any_rate_z,RTK_RAS_any_rate,0.0361183793032305,RTK_RAS,mut/amp/del,fraction of pathway genes with mut/amp/del (z-scored),KRAS,1861,0.4359,1.241,7.076188610144653e-07,0.2157,0.094,1.0
CRC,PW_RTK_RAS_any_rate_z,RTK_RAS_any_rate,0.0361183793032305,RTK_RAS,mut/amp/del,fraction of pathway genes with mut/amp/del (z-scored),NF1,247,0.0579,0.613,4.849609819429485e-06,0.4899,0.0283,2.0
CRC,PW_RTK_RAS_any_rate_z,RTK_RAS_any_rate,0.0361183793032305,RTK_RAS,mut/amp/del,fraction of pathway genes with mut/amp/del (z-scored),ABL1,137,0.0321,0.443,1.1017267332254998e-07,0.8142,0.0261,3.0
CRC,PW_RTK_RAS_any_rate_z,RTK_RAS_any_rate,0.0361183793032305,RTK_RAS,mut/amp/del,fraction of pathway genes with mut/amp/del (z-scored),IGF1R,172,0.0403,0.621,0.0001524981673647482,0.4771,0.0192,4.0
CRC,PW_RTK_RAS_any_rate_z,RTK_RAS_any_rate,0.0361183793032305,RTK_RAS,mut/amp/del,fraction of pathway genes with mut/amp/del (z-scored),NTRK3,158,0.037,0.6,0.00015488055377368254,0.5101,0.0189,5.0
CRC,PW_RTK_RAS_any_rate_z,RTK_RAS_any_rate,0.0361183793032305,RTK_RAS,mut/amp/del,fraction of pathway genes with mut/amp/del (z-scored),RASA1,153,0.0358,0.593,9.745142089826364e-05,0.5233,0.0188,6.0
CRC,PW_RTK_RAS_any_rate_z,RTK_RAS_any_rate,0.0361183793032305,RTK_RAS,mut/amp/del,fraction of pathway genes with mut/amp/del (z-scored),PDGFRA,138,0.0323,0.593,0.00020248029837613698,0.523,0.0169,7.0
CRC,PW_RTK_RAS_any_rate_z,RTK_RAS_any_rate,0.0361183793032305,RTK_RAS,mut/amp/del,fraction of pathway genes with mut/amp/del (z-scored),ALK,216,0.0506,0.728,0.0033137819678879356,0.3179,0.0161,8.0
CRC,PW_RTK_RAS_any_rate_z,RTK_RAS_any_rate,0.0361183793032305,RTK_RAS,mut/amp/del,fraction of pathway genes with mut/amp/del (z-scored),ERF,100,0.0234,0.506,0.00014453615191953225,0.681,0.016,9.0
CRC,PW_RTK_RAS_any_rate_z,RTK_RAS_any_rate,0.0361183793032305,RTK_RAS,mut/amp/del,fraction of pathway genes with mut/amp/del (z-scored),RET,145,0.034,0.627,0.000798456658347936,0.4665,0.0158,10.0
CRC,PW_RTK_RAS_any_rate_z,RTK_RAS_any_rate,0.0361183793032305,RTK_RAS,mut/amp/del,fraction of pathway genes with mut/amp/del (z-scored),IRS2,247,0.0579,0.762,0.00695648431850404,0.2714,0.0157,11.0
CRC,PW_RTK_RAS_any_rate_z,RTK_RAS_any_rate,0.0361183793032305,RTK_RAS,mut/amp/del,fraction of pathway genes with mut/amp/del (z-scored),FGFR3,100,0.0234,0.516,0.00011897253667749174,0.6612,0.0155,12.0
CRC,PW_RTK_RAS_any_rate_z,RTK_RAS_any_rate,0.0361183793032305,RTK_RAS,mut/amp/del,fraction of pathway genes with mut/amp/del (z-scored),KIT,115,0.0269,0.574,0.00044958613922920784,0.5555,0.015,13.0
CRC,PW_RTK_RAS_any_rate_z,RTK_RAS_any_rate,0.0361183793032305,RTK_RAS,mut/amp/del,fraction of pathway genes with mut/amp/del (z-scored),BRAF,456,0.1068,1.139,0.05988843633581639,0.1306,0.0139,14.0
CRC,PW_RTK_RAS_any_rate_z,RTK_RAS_any_rate,0.0361183793032305,RTK_RAS,mut/amp/del,fraction of pathway genes with mut/amp/del (z-scored),ERBB3,223,0.0522,0.777,0.016716339735396706,0.2517,0.0131,15.0
CRC,PW_RTK_RAS_any_rate_z,RTK_RAS_any_rate,0.0361183793032305,RTK_RAS,mut/amp/del,fraction of pathway genes with mut/amp/del (z-scored),ERBB4,240,0.0562,0.799,0.025053066775634337,0.2242,0.0126,16.0
CRC,PW_RTK_RAS_any_rate_z,RTK_RAS_any_rate,0.0361183793032305,RTK_RAS,mut/amp/del,fraction of pathway genes with mut/amp/del (z-scored),RAF1,91,0.0213,0.567,0.000992365342476512,0.5682,0.0121,17.0
CRC,PW_RTK_RAS_any_rate_z,RTK_RAS_any_rate,0.0361183793032305,RTK_RAS,mut/amp/del,fraction of pathway genes with mut/amp/del (z-scored),FGFR4,110,0.0258,0.639,0.004634481425082088,0.4477,0.0115,18.0
CRC,PW_RTK_RAS_any_rate_z,RTK_RAS_any_rate,0.0361183793032305,RTK_RAS,mut/amp/del,fraction of pathway genes with mut/amp/del (z-scored),ROS1,175,0.041,0.755,0.017927305414421266,0.2816,0.0115,18.0
CRC,PW_RTK_RAS_any_rate_z,RTK_RAS_any_rate,0.0361183793032305,RTK_RAS,mut/amp/del,fraction of pathway genes with mut/amp/del (z-scored),PDGFRB,138,0.0323,0.714,0.012515796472339758,0.3374,0.0109,20.0
CRC,PW_RTK_RAS_any_rate_z,RTK_RAS_any_rate,0.0361183793032305,RTK_RAS,mut/amp/del,fraction of pathway genes with mut/amp/del (z-scored),ERRFI1,46,0.0108,0.373,0.0003767220086409458,0.9864,0.0106,21.0
CRC,PW_RTK_RAS_any_rate_z,RTK_RAS_any_rate,0.0361183793032305,RTK_RAS,mut/amp/del,fraction of pathway genes with mut/amp/del (z-scored),ARAF,108,0.0253,0.66,0.0075426913510679185,0.4157,0.0105,22.0
CRC,PW_RTK_RAS_any_rate_z,RTK_RAS_any_rate,0.0361183793032305,RTK_RAS,mut/amp/del,fraction of pathway genes with mut/amp/del (z-scored),ERBB2,329,0.0771,0.874,0.10791977849481113,0.1349,0.0104,23.0
CRC,PW_RTK_RAS_any_rate_z,RTK_RAS_any_rate,0.0361183793032305,RTK_RAS,mut/amp/del,fraction of pathway genes with mut/amp/del (z-scored),SOS1,90,0.0211,0.633,0.01017620543929863,0.4577,0.0096,24.0
CRC,PW_RTK_RAS_any_rate_z,RTK_RAS_any_rate,0.0361183793032305,RTK_RAS,mut/amp/del,fraction of pathway genes with mut/amp/del (z-scored),EGFR,164,0.0384,0.791,0.049921089470097574,0.235,0.009,25.0
CRC,PW_RTK_RAS_any_rate_z,RTK_RAS_any_rate,0.0361183793032305,RTK_RAS,mut/amp/del,fraction of pathway genes with mut/amp/del (z-scored),CBL,64,0.015,0.554,0.006882913780328425,0.5911,0.0089,26.0
CRC,PW_RTK_RAS_any_rate_z,RTK_RAS_any_rate,0.0361183793032305,RTK_RAS,mut/amp/del,fraction of pathway genes with mut/amp/del (z-scored),NTRK1,111,0.026,0.724,0.02463474042107064,0.3229,0.0084,27.0
CRC,PW_RTK_RAS_any_rate_z,RTK_RAS_any_rate,0.0361183793032305,RTK_RAS,mut/amp/del,fraction of pathway genes with mut/amp/del (z-scored),NRAS,179,0.0419,1.196,0.08041438648876628,0.1793,0.0075,28.0
CRC,PW_RTK_RAS_any_rate_z,RTK_RAS_any_rate,0.0361183793032305,RTK_RAS,mut/amp/del,fraction of pathway genes with mut/amp/del (z-scored),MET,118,0.0276,0.77,0.06905244643295055,0.2608,0.0072,29.0
CRC,PW_RTK_RAS_any_rate_z,RTK_RAS_any_rate,0.0361183793032305,RTK_RAS,mut/amp/del,fraction of pathway genes with mut/amp/del (z-scored),NTRK2,92,0.0216,0.717,0.039470467676709586,0.3321,0.0072,29.0
CRC,PW_RTK_RAS_any_rate_z,RTK_RAS_any_rate,0.0361183793032305,RTK_RAS,mut/amp/del,fraction of pathway genes with mut/amp/del (z-scored),FGFR2,85,0.0199,0.733,0.06497954570713631,0.31,0.0062,31.0
CRC,PW_RTK_RAS_any_rate_z,RTK_RAS_any_rate,0.0361183793032305,RTK_RAS,mut/amp/del,fraction of pathway genes with mut/amp/del (z-scored),JAK2,84,0.0197,0.739,0.08059145363043559,0.3026,0.006,32.0
CRC,PW_RTK_RAS_any_rate_z,RTK_RAS_any_rate,0.0361183793032305,RTK_RAS,mut/amp/del,fraction of pathway genes with mut/amp/del (z-scored),RIT1,37,0.0087,0.592,0.039018449716085604,0.5242,0.0045,33.0
CRC,PW_RTK_RAS_any_rate_z,RTK_RAS_any_rate,0.0361183793032305,RTK_RAS,mut/amp/del,fraction of pathway genes with mut/amp/del (z-scored),FGFR1,241,0.0565,0.924,0.402422997417321,0.0787,0.0044,34.0
CRC,PW_RTK_RAS_any_rate_z,RTK_RAS_any_rate,0.0361183793032305,RTK_RAS,mut/amp/del,fraction of pathway genes with mut/amp/del (z-scored),PTPN11,63,0.0148,0.804,0.26360496760883323,0.2179,0.0032,35.0
CRC,PW_RTK_RAS_any_rate_z,RTK_RAS_any_rate,0.0361183793032305,RTK_RAS,mut/amp/del,fraction of pathway genes with mut/amp/del (z-scored),MAP2K1,64,0.015,0.863,0.42930477751815355,0.147,0.0022,36.0
CRC,PW_RTK_RAS_any_rate_z,RTK_RAS_any_rate,0.0361183793032305,RTK_RAS,mut/amp/del,fraction of pathway genes with mut/amp/del (z-scored),RAC1,34,0.008,0.76,0.31811489351523065,0.2744,0.0022,36.0
CRC,PW_RTK_RAS_any_rate_z,RTK_RAS_any_rate,0.0361183793032305,RTK_RAS,mut/amp/del,fraction of pathway genes with mut/amp/del (z-scored),HRAS,39,0.0091,0.794,0.3320090345890529,0.231,0.0021,38.0
CRC,PW_RTK_RAS_any_rate_z,RTK_RAS_any_rate,0.0361183793032305,RTK_RAS,mut/amp/del,fraction of pathway genes with mut/amp/del (z-scored),MAP2K2,46,0.0108,0.903,0.6498917789784937,0.1018,0.0011,39.0
CRC,PW_RTK_RAS_any_rate_z,RTK_RAS_any_rate,0.0361183793032305,RTK_RAS,mut/amp/del,fraction of pathway genes with mut/amp/del (z-scored),FLT3,290,0.0679,0.988,0.893930107616078,0.0116,0.0008,40.0
CRC,PW_RTK_RAS_any_rate_z,RTK_RAS_any_rate,0.0361183793032305,RTK_RAS,mut/amp/del,fraction of pathway genes with mut/amp/del (z-scored),MAPK1,29,0.0068,0.993,0.9790310459290861,0.0068,0.0,41.0
CRC,PW_TGF_Beta_amp_hit,TGF_Beta_amp_hit,0.7813980789578783,TGF_Beta,amp,binary: any pathway gene amplified (CNA>=+2),SMAD2,7,0.0016,2.402,0.04839681654567121,0.8764,0.0014,1.0
